-- MariaDB dump 10.19  Distrib 10.4.32-MariaDB, for Win64 (AMD64)
--
-- Host: localhost    Database: seguridadlai
-- ------------------------------------------------------
-- Server version	10.4.32-MariaDB

/*!40101 SET @OLD_CHARACTER_SET_CLIENT=@@CHARACTER_SET_CLIENT */;
/*!40101 SET @OLD_CHARACTER_SET_RESULTS=@@CHARACTER_SET_RESULTS */;
/*!40101 SET @OLD_COLLATION_CONNECTION=@@COLLATION_CONNECTION */;
/*!40101 SET NAMES utf8mb4 */;
/*!40103 SET @OLD_TIME_ZONE=@@TIME_ZONE */;
/*!40103 SET TIME_ZONE='+00:00' */;
/*!40014 SET @OLD_UNIQUE_CHECKS=@@UNIQUE_CHECKS, UNIQUE_CHECKS=0 */;
/*!40014 SET @OLD_FOREIGN_KEY_CHECKS=@@FOREIGN_KEY_CHECKS, FOREIGN_KEY_CHECKS=0 */;
/*!40101 SET @OLD_SQL_MODE=@@SQL_MODE, SQL_MODE='NO_AUTO_VALUE_ON_ZERO' */;
/*!40111 SET @OLD_SQL_NOTES=@@SQL_NOTES, SQL_NOTES=0 */;

--
-- Current Database: `seguridadlai`
--

/*!40000 DROP DATABASE IF EXISTS `seguridadlai`*/;

CREATE DATABASE /*!32312 IF NOT EXISTS*/ `seguridadlai` /*!40100 DEFAULT CHARACTER SET utf8mb4 COLLATE utf8mb4_general_ci */;

USE `seguridadlai`;

--
-- Table structure for table `tbl_alertas`
--

DROP TABLE IF EXISTS `tbl_alertas`;
/*!40101 SET @saved_cs_client     = @@character_set_client */;
/*!40101 SET character_set_client = utf8 */;
CREATE TABLE `tbl_alertas` (
  `id_alerta` int(11) NOT NULL AUTO_INCREMENT,
  `fecha` date NOT NULL,
  `tipo` varchar(20) NOT NULL,
  `mensaje` varchar(150) NOT NULL,
  `id_usuario` int(11) NOT NULL,
  PRIMARY KEY (`id_alerta`),
  KEY `id_usuario` (`id_usuario`),
  CONSTRAINT `tbl_alertas_ibfk_1` FOREIGN KEY (`id_usuario`) REFERENCES `tbl_usuarios` (`id_usuario`) ON DELETE CASCADE ON UPDATE CASCADE
) ENGINE=InnoDB DEFAULT CHARSET=utf8mb4 COLLATE=utf8mb4_general_ci;
/*!40101 SET character_set_client = @saved_cs_client */;

--
-- Dumping data for table `tbl_alertas`
--

LOCK TABLES `tbl_alertas` WRITE;
/*!40000 ALTER TABLE `tbl_alertas` DISABLE KEYS */;
/*!40000 ALTER TABLE `tbl_alertas` ENABLE KEYS */;
UNLOCK TABLES;

--
-- Table structure for table `tbl_bitacora`
--

DROP TABLE IF EXISTS `tbl_bitacora`;
/*!40101 SET @saved_cs_client     = @@character_set_client */;
/*!40101 SET character_set_client = utf8 */;
CREATE TABLE `tbl_bitacora` (
  `id_bitacora` int(11) NOT NULL AUTO_INCREMENT,
  `fecha_hora` text NOT NULL,
  `accion` varchar(50) NOT NULL,
  `datos_nuevos` longtext CHARACTER SET utf8mb4 COLLATE utf8mb4_bin DEFAULT NULL CHECK (json_valid(`datos_nuevos`)),
  `datos_viejos` longtext CHARACTER SET utf8mb4 COLLATE utf8mb4_bin DEFAULT NULL CHECK (json_valid(`datos_viejos`)),
  `id_modulo` int(11) NOT NULL,
  `id_usuario` int(11) NOT NULL,
  `prioridad` enum('baja','media','alta') NOT NULL DEFAULT 'media',
  `descripcion` text NOT NULL,
  PRIMARY KEY (`id_bitacora`),
  KEY `id_modulo` (`id_modulo`,`id_usuario`),
  KEY `id_usuario` (`id_usuario`),
  CONSTRAINT `tbl_bitacora_ibfk_1` FOREIGN KEY (`id_usuario`) REFERENCES `tbl_usuarios` (`id_usuario`) ON DELETE CASCADE ON UPDATE CASCADE,
  CONSTRAINT `tbl_bitacora_ibfk_2` FOREIGN KEY (`id_modulo`) REFERENCES `tbl_modulos` (`id_modulo`) ON DELETE CASCADE ON UPDATE CASCADE
) ENGINE=InnoDB AUTO_INCREMENT=692 DEFAULT CHARSET=utf8mb4 COLLATE=utf8mb4_general_ci;
/*!40101 SET character_set_client = @saved_cs_client */;

--
-- Dumping data for table `tbl_bitacora`
--

LOCK TABLES `tbl_bitacora` WRITE;
/*!40000 ALTER TABLE `tbl_bitacora` DISABLE KEYS */;
INSERT INTO `tbl_bitacora` VALUES (48,'2025-09-08 07:40:13','ACCESO',NULL,NULL,19,8,'alta','El usuario accedió al al modulo de bitacora'),(49,'2025-09-08 07:40:19','ACCESO',NULL,NULL,19,8,'alta','El usuario accedió al al modulo de bitacora'),(50,'2025-09-08 07:47:42','ACCESO',NULL,NULL,19,8,'alta','El usuario accedió al al modulo de bitacora'),(51,'2025-09-08 07:48:53','ACCESO',NULL,NULL,19,8,'alta','El usuario accedió al al modulo de bitacora'),(52,'2025-09-08 07:50:28','ACCESO',NULL,NULL,19,8,'alta','El usuario accedió al al modulo de bitacora'),(53,'2025-09-08 07:51:46','ACCESO',NULL,NULL,19,8,'alta','El usuario accedió al al modulo de bitacora'),(54,'2025-09-08 07:55:23','ACCESO',NULL,NULL,4,8,'media','El usuario accedió al al modulo de marcas'),(55,'2025-09-08 07:55:30','ACCESO',NULL,NULL,19,8,'alta','El usuario accedió al al modulo de bitacora'),(56,'2025-09-08 07:55:48','ACCESO',NULL,NULL,4,8,'media','El usuario accedió al al modulo de marcas'),(57,'2025-09-08 08:00:35','ACCESO',NULL,NULL,4,8,'media','El usuario accedió al al modulo de marcas'),(58,'2025-09-08 08:01:12','ACCESO',NULL,NULL,4,8,'media','El usuario accedió al al modulo de marcas'),(59,'2025-09-08 08:01:24','ACCESO',NULL,NULL,19,8,'alta','El usuario accedió al al modulo de bitacora'),(60,'2025-09-08 08:06:17','ACCESO',NULL,NULL,4,8,'media','El usuario accedió al al modulo de marcas'),(61,'2025-09-08 08:06:25','ELIMINACIÓN',NULL,NULL,4,8,'alta','El usuario elimino de los registros la marca Array'),(62,'2025-09-08 08:07:13','ACCESO',NULL,NULL,4,8,'media','El usuario accedió al al modulo de marcas'),(63,'2025-09-08 08:07:21','ELIMINACIÓN',NULL,NULL,4,8,'alta','El usuario elimino de los registros la marca Pokemon'),(64,'2025-09-08 08:07:28','ACCESO',NULL,NULL,19,8,'alta','El usuario accedió al al modulo de bitacora'),(65,'2025-09-08 21:27:50','ACCESO',NULL,NULL,4,8,'media','El usuario accedió al al modulo de marcas'),(66,'2025-09-08 21:27:50','ACCESO',NULL,NULL,4,8,'media','El usuario accedió al al modulo de marcas'),(67,'2025-09-08 21:32:08','ACCESO',NULL,NULL,4,8,'media','El usuario accedió al al modulo de marcas'),(68,'2025-09-08 21:32:19','MODIFICACIÓN',NULL,NULL,4,8,'alta','El usuario modifico los  la marca TexPrint a TexPrint1'),(69,'2025-09-08 21:32:23','ACCESO',NULL,NULL,19,8,'alta','El usuario accedió al al modulo de bitacora'),(70,'2025-09-08 21:40:00','ACCESAR',NULL,NULL,4,8,'media','El usuario accedió al al modulo de marcas'),(71,'2025-09-08 21:40:11','INCLUIR',NULL,NULL,4,8,'alta','El usuario incluyó la marca: {\n    \"id_marca\": 31,\n    \"nombre_marca\": \"YUGIOH\"\n}'),(72,'2025-09-08 21:40:21','ACCESO',NULL,NULL,19,8,'alta','El usuario accedió al al modulo de bitacora'),(73,'2025-09-08 21:41:08','ELIMINAR',NULL,NULL,4,8,'alta','El usuario elimino de los registros la marca YUGIOH'),(74,'2025-09-08 21:41:22','INCLUIR',NULL,NULL,4,8,'alta','El usuario incluyó la marca: id_marca: 32, nombre_marca: YUGIOH'),(75,'2025-09-08 21:41:29','ACCESO',NULL,NULL,19,8,'alta','El usuario accedió al al modulo de bitacora'),(76,'2025-09-08 22:25:03','ACCESO',NULL,NULL,19,3,'alta','El usuario accedió al al modulo de bitacora'),(77,'2025-09-08 22:31:50','ACCESAR',NULL,NULL,1,3,'media','El usuario accedió al al modulo de Usuarios'),(78,'2025-09-08 22:31:58','ACCESO',NULL,NULL,19,3,'alta','El usuario accedió al al modulo de bitacora'),(79,'2025-09-09 22:06:04','ACCESO',NULL,NULL,19,3,'alta','El usuario accedió al al modulo de bitacora'),(80,'2025-09-09 22:06:12','ACCESAR',NULL,NULL,1,3,'media','El usuario accedió al al modulo de Usuarios'),(81,'2025-09-09 22:07:04','MODIFICAR',NULL,NULL,1,3,'media','Cambio de estatus de usuario: 15 a inhabilitado'),(82,'2025-09-09 22:11:51','ACCESAR',NULL,NULL,18,3,'media','El usuario accedió al al modulo de Roles'),(83,'2025-09-09 22:11:59','ACCESAR',NULL,NULL,18,3,'media','El usuario accedió al al modulo de Roles'),(84,'2025-09-09 22:14:50','ACCESAR',NULL,NULL,2,3,'media','El usuario accedió al al modulo de Recepcion'),(85,'2025-09-09 22:20:17','ACCESAR',NULL,NULL,8,3,'media','El usuario accedió al al modulo de Proveedores'),(86,'2025-09-09 22:30:00','ACCESAR',NULL,NULL,6,3,'media','El usuario accedió al al modulo de Productos'),(87,'2025-09-09 22:30:02','ACCESAR',NULL,NULL,6,3,'media','El usuario accedió al al modulo de Productos'),(88,'2025-09-09 22:31:02','ACCESO',NULL,NULL,19,3,'alta','El usuario accedió al al modulo de bitacora'),(89,'2025-09-09 22:37:03','ACCESAR',NULL,NULL,17,3,'media','El usuario accedió al al modulo de Permisos'),(90,'2025-09-09 22:37:25','ACCESAR',NULL,NULL,17,3,'media','El usuario accedió al al modulo de Permisos'),(91,'2025-09-09 22:38:03','MODIFICAR',NULL,NULL,17,3,'media','El usuario modificó los permisos de los roles del sistema'),(92,'2025-09-09 22:38:05','ACCESAR',NULL,NULL,17,3,'media','El usuario accedió al al modulo de Permisos'),(93,'2025-09-09 22:38:09','ACCESO',NULL,NULL,19,3,'alta','El usuario accedió al al modulo de bitacora'),(94,'2025-09-09 22:38:34','ACCESO',NULL,NULL,19,3,'alta','El usuario accedió al al modulo de bitacora'),(95,'2025-09-09 22:42:03','ACCESO',NULL,NULL,19,3,'alta','El usuario accedió al al modulo de bitacora'),(96,'2025-09-09 22:47:36','ACCESAR',NULL,NULL,12,3,'media','El usuario accedió al al modulo de Pasarela de pagos'),(97,'2025-10-06 21:44:35','ACCESAR',NULL,NULL,3,3,'media','El usuario accedió al al modulo de Despachos'),(98,'2025-10-06 21:45:35','ACCESAR',NULL,NULL,3,3,'media','El usuario accedió al al modulo de Despachos'),(99,'2025-10-06 21:45:53','ACCESAR',NULL,NULL,14,3,'media','El usuario accedió al al modulo de Ordenes de Despacho'),(100,'2025-10-06 21:51:51','ACCESAR',NULL,NULL,14,3,'media','El usuario accedió al al modulo de Ordenes de Despacho'),(101,'2025-10-06 21:54:25','ACCESAR',NULL,NULL,14,3,'media','El usuario accedió al al modulo de Ordenes de Despacho'),(102,'2025-10-06 22:07:54','ACCESAR',NULL,NULL,14,3,'media','El usuario accedió al al modulo de Ordenes de Despacho'),(103,'2025-10-06 22:08:43','ACCESAR',NULL,NULL,14,3,'media','El usuario accedió al al modulo de Ordenes de Despacho'),(104,'2025-10-06 22:08:54','ACCESAR',NULL,NULL,14,3,'media','El usuario accedió al al modulo de Ordenes de Despacho'),(105,'2025-10-06 22:09:07','ACCESAR',NULL,NULL,14,3,'media','El usuario accedió al al modulo de Ordenes de Despacho'),(106,'2025-10-06 22:09:15','ACCESAR',NULL,NULL,14,3,'media','El usuario accedió al al modulo de Ordenes de Despacho'),(107,'2025-10-06 22:11:27','ACCESAR',NULL,NULL,14,3,'media','El usuario accedió al al modulo de Ordenes de Despacho'),(108,'2025-10-06 22:13:35','ACCESAR',NULL,NULL,14,3,'media','El usuario accedió al al modulo de Ordenes de Despacho'),(109,'2025-10-06 22:14:41','ACCESAR',NULL,NULL,14,3,'media','El usuario accedió al al modulo de Ordenes de Despacho'),(110,'2025-10-06 22:14:45','ACCESAR',NULL,NULL,14,3,'media','El usuario accedió al al modulo de Ordenes de Despacho'),(111,'2025-10-06 22:14:57','ACCESAR',NULL,NULL,14,3,'media','El usuario accedió al al modulo de Ordenes de Despacho'),(112,'2025-10-06 22:19:19','ACCESAR',NULL,NULL,14,3,'media','El usuario accedió al módulo de Ordenes de Despacho'),(113,'2025-10-06 22:20:20','ACCESAR',NULL,NULL,14,3,'media','El usuario accedió al al modulo de Ordenes de Despacho'),(114,'2025-10-06 22:22:14','ACCESAR',NULL,NULL,14,3,'media','El usuario accedió al al modulo de Ordenes de Despacho'),(115,'2025-10-06 22:23:07','ACCESAR',NULL,NULL,14,3,'media','El usuario accedió al al modulo de Ordenes de Despacho'),(116,'2025-10-06 22:23:11','ACCESAR',NULL,NULL,14,3,'media','El usuario accedió al al modulo de Ordenes de Despacho'),(117,'2025-10-06 22:23:21','ACCESAR',NULL,NULL,14,3,'media','El usuario accedió al al modulo de Ordenes de Despacho'),(118,'2025-10-06 22:23:34','ACCESAR',NULL,NULL,14,3,'media','El usuario accedió al al modulo de Ordenes de Despacho'),(119,'2025-10-06 22:23:53','ACCESAR',NULL,NULL,14,3,'media','El usuario accedió al al modulo de Ordenes de Despacho'),(120,'2025-10-06 22:28:32','ACCESAR',NULL,NULL,14,3,'media','El usuario accedió al al modulo de Ordenes de Despacho'),(121,'2025-10-06 22:28:44','ACCESAR',NULL,NULL,14,3,'media','El usuario accedió al al modulo de Ordenes de Despacho'),(122,'2025-10-07 19:21:12','ACCESAR',NULL,NULL,10,11,'media','El usuario accedió al al modulo de Catálogo'),(123,'2025-10-07 19:21:38','ACCESAR',NULL,NULL,10,11,'media','El usuario accedió al al modulo de Catálogo'),(124,'2025-10-07 19:22:16','ACCESAR',NULL,NULL,10,11,'media','El usuario accedió al al modulo de Catálogo'),(125,'2025-10-07 19:27:43','ACCESAR',NULL,NULL,10,11,'media','El usuario accedió al al modulo de Catálogo'),(126,'2025-10-07 19:28:22','ACCESAR',NULL,NULL,10,11,'media','El usuario accedió al al modulo de Catálogo'),(127,'2025-10-07 19:29:03','ACCESAR',NULL,NULL,10,11,'media','El usuario accedió al al modulo de Catálogo'),(128,'2025-10-07 19:33:29','ACCESAR',NULL,NULL,10,4,'media','El usuario accedió al al modulo de Catálogo'),(129,'2025-10-07 19:34:51','ACCESAR',NULL,NULL,1,3,'media','El usuario accedió al al modulo de Usuarios'),(130,'2025-10-07 19:38:02','ACCESAR',NULL,NULL,21,3,'media','El usuario accedió al al modulo de Compra Física'),(131,'2025-10-07 19:40:51','ACCESAR',NULL,NULL,21,3,'media','El usuario accedió al al modulo de Compra Física'),(132,'2025-10-07 19:45:09','ACCESAR',NULL,NULL,21,3,'media','El usuario accedió al al modulo de Compra Física'),(133,'2025-10-07 20:19:34','ACCESAR',NULL,NULL,21,3,'media','El usuario accedió al al modulo de Compra Física'),(134,'2025-10-07 20:20:04','ACCESAR',NULL,NULL,21,3,'media','El usuario accedió al al modulo de Compra Física'),(135,'2025-10-07 20:38:12','ACCESAR',NULL,NULL,21,3,'media','El usuario accedió al al modulo de Compra Física'),(136,'2025-10-07 20:54:36','ACCESAR',NULL,NULL,21,3,'media','El usuario accedió al al modulo de Compra Física'),(137,'2025-10-07 20:55:52','ACCESAR',NULL,NULL,21,3,'media','El usuario accedió al al modulo de Compra Física'),(138,'2025-10-07 20:59:20','ACCESAR',NULL,NULL,21,3,'media','El usuario accedió al al modulo de Compra Física'),(139,'2025-10-07 21:02:36','ACCESAR',NULL,NULL,21,3,'media','El usuario accedió al al modulo de Compra Física'),(140,'2025-10-07 21:03:10','ACCESAR',NULL,NULL,21,3,'media','El usuario accedió al al modulo de Compra Física'),(141,'2025-10-07 21:03:19','ACCESAR',NULL,NULL,21,3,'media','El usuario accedió al al modulo de Compra Física'),(142,'2025-10-07 21:06:52','ACCESAR',NULL,NULL,21,3,'media','El usuario accedió al al modulo de Compra Física'),(143,'2025-10-07 21:07:54','ACCESAR',NULL,NULL,21,3,'media','El usuario accedió al al modulo de Compra Física'),(144,'2025-10-07 21:08:43','ACCESAR',NULL,NULL,21,3,'media','El usuario accedió al al modulo de Compra Física'),(145,'2025-10-07 21:09:34','ACCESAR',NULL,NULL,21,3,'media','El usuario accedió al al modulo de Compra Física'),(146,'2025-10-07 21:10:03','ACCESAR',NULL,NULL,21,3,'media','El usuario accedió al al modulo de Compra Física'),(147,'2025-10-07 21:10:39','ACCESAR',NULL,NULL,21,3,'media','El usuario accedió al al modulo de Compra Física'),(148,'2025-10-07 21:10:45','ACCESAR',NULL,NULL,21,3,'media','El usuario accedió al al modulo de Compra Física'),(149,'2025-10-07 21:16:00','ACCESAR',NULL,NULL,21,3,'media','El usuario accedió al al modulo de Compra Física'),(150,'2025-10-07 21:16:51','ACCESAR',NULL,NULL,14,3,'media','El usuario accedió al al modulo de Ordenes de Despacho'),(151,'2025-10-07 21:18:45','ACCESAR',NULL,NULL,14,3,'media','El usuario accedió al al modulo de Ordenes de Despacho'),(152,'2025-10-07 21:18:58','ACCESAR',NULL,NULL,21,3,'media','El usuario accedió al al modulo de Compra Física'),(153,'2025-10-07 21:21:07','ACCESAR',NULL,NULL,9,3,'media','El usuario accedió al al modulo de Clientes'),(154,'2025-10-07 21:21:12','ACCESAR',NULL,NULL,21,3,'media','El usuario accedió al al modulo de Compra Física'),(155,'2025-10-07 21:49:11','ACCESAR',NULL,NULL,21,3,'media','El usuario accedió al al modulo de Compra Física'),(156,'2025-10-07 21:52:30','ACCESAR',NULL,NULL,21,3,'media','El usuario accedió al al modulo de Compra Física'),(157,'2025-10-07 21:54:02','ACCESAR',NULL,NULL,21,3,'media','El usuario accedió al al modulo de Compra Física'),(158,'2025-10-07 21:56:38','ACCESAR',NULL,NULL,21,3,'media','El usuario accedió al al modulo de Compra Física'),(159,'2025-10-07 22:01:26','ACCESAR',NULL,NULL,21,3,'media','El usuario accedió al al modulo de Compra Física'),(160,'2025-10-07 22:06:18','ACCESAR',NULL,NULL,21,3,'media','El usuario accedió al al modulo de Compra Física'),(161,'2025-10-08 20:29:16','ACCESAR',NULL,NULL,21,3,'media','El usuario accedió al al modulo de Compra Física'),(162,'2025-10-08 20:31:25','ACCESAR',NULL,NULL,21,3,'media','El usuario accedió al al modulo de Compra Física'),(163,'2025-10-08 20:32:02','ACCESAR',NULL,NULL,21,3,'media','El usuario accedió al al modulo de Compra Física'),(164,'2025-10-08 20:32:43','ACCESAR',NULL,NULL,7,3,'media','El usuario accedió al al modulo de Categorias'),(165,'2025-10-08 20:41:10','ACCESAR',NULL,NULL,7,3,'media','El usuario accedió al al modulo de Categorias'),(166,'2025-10-08 20:43:32','ACCESAR',NULL,NULL,7,3,'media','El usuario accedió al al modulo de Categorias'),(167,'2025-10-08 20:43:58','MODIFICAR',NULL,NULL,7,3,'media','El usuario modificó la categoría ID: 15'),(168,'2025-10-08 20:44:05','MODIFICAR',NULL,NULL,7,3,'media','El usuario modificó la categoría ID: 15'),(169,'2025-10-08 20:45:00','ACCESAR',NULL,NULL,21,3,'media','El usuario accedió al al modulo de Compra Física'),(170,'2025-10-08 20:45:38','ACCESAR',NULL,NULL,21,3,'media','El usuario accedió al al modulo de Compra Física'),(171,'2025-10-08 20:47:10','ACCESAR',NULL,NULL,21,3,'media','El usuario accedió al al modulo de Compra Física'),(172,'2025-10-08 20:47:41','ACCESAR',NULL,NULL,21,3,'media','El usuario accedió al al modulo de Compra Física'),(173,'2025-10-08 20:52:01','ACCESAR',NULL,NULL,21,3,'media','El usuario accedió al al modulo de Compra Física'),(174,'2025-10-08 20:52:22','ACCESAR',NULL,NULL,21,3,'media','El usuario accedió al al modulo de Compra Física'),(175,'2025-10-08 20:53:23','ACCESAR',NULL,NULL,21,3,'media','El usuario accedió al al modulo de Compra Física'),(176,'2025-10-08 20:56:02','ACCESAR',NULL,NULL,21,3,'media','El usuario accedió al al modulo de Compra Física'),(177,'2025-10-08 20:57:04','ACCESAR',NULL,NULL,21,3,'media','El usuario accedió al al modulo de Compra Física'),(178,'2025-10-08 20:57:21','ACCESAR',NULL,NULL,21,3,'media','El usuario accedió al al modulo de Compra Física'),(179,'2025-10-08 21:02:39','ACCESAR',NULL,NULL,21,3,'media','El usuario accedió al al modulo de Compra Física'),(180,'2025-10-08 21:12:26','ACCESAR',NULL,NULL,21,3,'media','El usuario accedió al al modulo de Compra Física'),(181,'2025-10-08 21:14:29','ACCESAR',NULL,NULL,21,3,'media','El usuario accedió al al modulo de Compra Física'),(182,'2025-10-08 21:19:11','ACCESAR',NULL,NULL,21,3,'media','El usuario accedió al al modulo de Compra Física'),(183,'2025-10-08 21:26:05','ACCESAR',NULL,NULL,21,3,'media','El usuario accedió al al modulo de Compra Física'),(184,'2025-10-08 21:35:16','ACCESAR',NULL,NULL,21,3,'media','El usuario accedió al al modulo de Compra Física'),(185,'2025-10-08 21:38:11','ACCESAR',NULL,NULL,21,3,'media','El usuario accedió al al modulo de Compra Física'),(186,'2025-10-08 21:38:49','ACCESAR',NULL,NULL,21,3,'media','El usuario accedió al al modulo de Compra Física'),(187,'2025-10-08 21:40:18','ACCESAR',NULL,NULL,21,3,'media','El usuario accedió al al modulo de Compra Física'),(188,'2025-10-08 21:41:50','ACCESAR',NULL,NULL,21,3,'media','El usuario accedió al al modulo de Compra Física'),(189,'2025-10-08 21:42:57','ACCESAR',NULL,NULL,21,3,'media','El usuario accedió al al modulo de Compra Física'),(190,'2025-10-08 21:43:54','ACCESAR',NULL,NULL,21,3,'media','El usuario accedió al al modulo de Compra Física'),(191,'2025-10-08 21:51:17','ACCESAR',NULL,NULL,21,3,'media','El usuario accedió al al modulo de Compra Física'),(192,'2025-10-08 21:57:45','ACCESAR',NULL,NULL,21,3,'media','El usuario accedió al al modulo de Compra Física'),(193,'2025-10-08 22:03:37','ACCESAR',NULL,NULL,21,3,'media','El usuario accedió al al modulo de Compra Física'),(194,'2025-10-08 22:04:21','ACCESAR',NULL,NULL,21,3,'media','El usuario accedió al al modulo de Compra Física'),(195,'2025-10-08 22:04:44','ACCESAR',NULL,NULL,21,3,'media','El usuario accedió al al modulo de Compra Física'),(196,'2025-10-08 22:05:04','ACCESAR',NULL,NULL,21,3,'media','El usuario accedió al al modulo de Compra Física'),(197,'2025-10-08 22:06:31','ACCESAR',NULL,NULL,21,3,'media','El usuario accedió al al modulo de Compra Física'),(198,'2025-10-08 22:06:55','ACCESAR',NULL,NULL,15,3,'media','El usuario accedió al al modulo de Cuentas Bancarias'),(199,'2025-10-11 09:59:36','ACCESAR',NULL,NULL,4,16,'media','El usuario accedió al al modulo de marcas'),(200,'2025-10-11 10:01:21','ACCESAR',NULL,NULL,4,16,'media','El usuario accedió al al modulo de marcas'),(201,'2025-10-11 10:02:53','ACCESAR',NULL,NULL,4,16,'media','El usuario accedió al al modulo de marcas'),(202,'2025-10-11 10:02:55','ACCESAR',NULL,NULL,4,16,'media','El usuario accedió al al modulo de marcas'),(203,'2025-10-11 10:02:56','ACCESAR',NULL,NULL,4,16,'media','El usuario accedió al al modulo de marcas'),(204,'2025-10-11 10:02:56','ACCESAR',NULL,NULL,4,16,'media','El usuario accedió al al modulo de marcas'),(205,'2025-10-11 10:02:57','ACCESAR',NULL,NULL,4,16,'media','El usuario accedió al al modulo de marcas'),(206,'2025-10-11 10:02:57','ACCESAR',NULL,NULL,4,16,'media','El usuario accedió al al modulo de marcas'),(207,'2025-10-11 10:02:58','ACCESAR',NULL,NULL,4,16,'media','El usuario accedió al al modulo de marcas'),(208,'2025-10-11 10:02:58','ACCESAR',NULL,NULL,4,16,'media','El usuario accedió al al modulo de marcas'),(209,'2025-10-11 10:02:59','ACCESAR',NULL,NULL,4,16,'media','El usuario accedió al al modulo de marcas'),(210,'2025-10-11 10:02:59','ACCESAR',NULL,NULL,4,16,'media','El usuario accedió al al modulo de marcas'),(211,'2025-10-11 10:02:59','ACCESAR',NULL,NULL,4,16,'media','El usuario accedió al al modulo de marcas'),(212,'2025-10-11 10:03:00','ACCESAR',NULL,NULL,4,16,'media','El usuario accedió al al modulo de marcas'),(213,'2025-10-11 10:03:00','ACCESAR',NULL,NULL,4,16,'media','El usuario accedió al al modulo de marcas'),(214,'2025-10-11 10:04:31','ACCESAR',NULL,NULL,4,16,'media','El usuario accedió al al modulo de marcas'),(215,'2025-10-11 10:04:57','ACCESAR',NULL,NULL,4,16,'media','El usuario accedió al al modulo de marcas'),(216,'2025-10-12 11:58:16','ACCESAR',NULL,NULL,21,16,'media','El usuario accedió al al modulo de Compra Física'),(217,'2025-10-12 12:18:50','ACCESAR',NULL,NULL,21,16,'media','El usuario accedió al al modulo de Compra Física'),(218,'2025-10-12 12:19:11','ACCESAR',NULL,NULL,21,16,'media','El usuario accedió al al modulo de Compra Física'),(219,'2025-10-12 12:20:10','ACCESAR',NULL,NULL,21,16,'media','El usuario accedió al al modulo de Compra Física'),(220,'2025-10-12 12:20:26','ACCESAR',NULL,NULL,21,16,'media','El usuario accedió al al modulo de Compra Física'),(221,'2025-10-12 12:20:53','ACCESAR',NULL,NULL,9,16,'media','El usuario accedió al al modulo de Clientes'),(222,'2025-10-12 12:21:03','ACCESAR',NULL,NULL,21,16,'media','El usuario accedió al al modulo de Compra Física'),(223,'2025-10-12 12:23:08','ACCESAR',NULL,NULL,21,16,'media','El usuario accedió al al modulo de Compra Física'),(224,'2025-10-12 12:23:22','ACCESAR',NULL,NULL,10,16,'media','El usuario accedió al al modulo de Catálogo'),(225,'2025-10-12 12:23:44','ACCESAR',NULL,NULL,21,16,'media','El usuario accedió al al modulo de Compra Física'),(226,'2025-10-12 12:38:39','INCLUIR',NULL,NULL,3,16,'alta','El usuario Darckort incluyó la compra física: 62'),(227,'2025-10-12 12:52:17','ACCESAR',NULL,NULL,21,16,'media','El usuario accedió al al modulo de Compra Física'),(228,'2025-10-12 12:52:23','ACCESAR',NULL,NULL,21,16,'media','El usuario accedió al al modulo de Compra Física'),(229,'2025-10-12 12:52:30','ACCESAR',NULL,NULL,21,16,'media','El usuario accedió al al modulo de Compra Física'),(230,'2025-10-12 12:52:32','ACCESAR',NULL,NULL,21,16,'media','El usuario accedió al al modulo de Compra Física'),(231,'2025-10-12 12:52:39','ACCESAR',NULL,NULL,21,16,'media','El usuario accedió al al modulo de Compra Física'),(232,'2025-10-12 13:04:38','ACCESAR',NULL,NULL,21,16,'media','El usuario accedió al al modulo de Compra Física'),(233,'2025-10-12 13:04:48','ACCESAR',NULL,NULL,21,16,'media','El usuario accedió al al modulo de Compra Física'),(234,'2025-10-12 13:04:55','ACCESAR',NULL,NULL,21,16,'media','El usuario accedió al al modulo de Compra Física'),(235,'2025-10-12 14:30:31','ACCESAR',NULL,NULL,21,16,'media','El usuario accedió al al modulo de Compra Física'),(236,'2025-10-12 14:30:55','ACCESAR',NULL,NULL,21,16,'media','El usuario accedió al al modulo de Compra Física'),(237,'2025-10-12 14:35:04','ACCESAR',NULL,NULL,21,16,'media','El usuario accedió al al modulo de Compra Física'),(238,'2025-10-12 14:35:45','ACCESAR',NULL,NULL,21,16,'media','El usuario accedió al al modulo de Compra Física'),(239,'2025-10-12 14:35:59','ACCESAR',NULL,NULL,21,16,'media','El usuario accedió al al modulo de Compra Física'),(240,'2025-10-12 14:38:32','ACCESAR',NULL,NULL,21,16,'media','El usuario accedió al al modulo de Compra Física'),(241,'2025-10-12 14:40:47','ACCESAR',NULL,NULL,21,16,'media','El usuario accedió al al modulo de Compra Física'),(242,'2025-10-12 14:41:17','ACCESAR',NULL,NULL,21,16,'media','El usuario accedió al al modulo de Compra Física'),(243,'2025-10-12 14:55:35','ACCESAR',NULL,NULL,21,16,'media','El usuario accedió al al modulo de Compra Física'),(244,'2025-10-12 15:01:25','ACCESAR',NULL,NULL,21,16,'media','El usuario accedió al al modulo de Compra Física'),(245,'2025-10-12 15:07:07','ACCESAR',NULL,NULL,21,16,'media','El usuario accedió al al modulo de Compra Física'),(246,'2025-10-12 15:14:56','ACCESAR',NULL,NULL,21,16,'media','El usuario accedió al al modulo de Compra Física'),(247,'2025-10-12 15:15:42','ACCESAR',NULL,NULL,21,16,'media','El usuario accedió al al modulo de Compra Física'),(248,'2025-10-12 15:36:48','ACCESAR',NULL,NULL,21,16,'media','El usuario accedió al al modulo de Compra Física'),(249,'2025-10-12 15:43:22','ACCESAR',NULL,NULL,21,16,'media','El usuario accedió al al modulo de Compra Física'),(250,'2025-10-12 15:45:07','ACCESAR',NULL,NULL,21,16,'media','El usuario accedió al al modulo de Compra Física'),(251,'2025-10-12 16:22:21','ACCESAR',NULL,NULL,21,16,'media','El usuario accedió al al modulo de Compra Física'),(252,'2025-10-12 16:23:03','ACCESAR',NULL,NULL,21,16,'media','El usuario accedió al al modulo de Compra Física'),(253,'2025-10-12 16:24:06','ACCESAR',NULL,NULL,21,16,'media','El usuario accedió al al modulo de Compra Física'),(254,'2025-10-12 16:42:39','ACCESAR',NULL,NULL,21,16,'media','El usuario accedió al al modulo de Compra Física'),(255,'2025-10-12 17:00:07','ACCESAR',NULL,NULL,21,16,'media','El usuario accedió al al modulo de Compra Física'),(256,'2025-10-12 17:14:20','ACCESAR',NULL,NULL,21,16,'media','El usuario accedió al al modulo de Compra Física'),(257,'2025-10-12 17:21:46','ACCESAR',NULL,NULL,21,16,'media','El usuario accedió al al modulo de Compra Física'),(258,'2025-10-12 17:28:07','ACCESAR',NULL,NULL,21,16,'media','El usuario accedió al al modulo de Compra Física'),(259,'2025-10-12 17:28:13','ACCESAR',NULL,NULL,21,16,'media','El usuario accedió al al modulo de Compra Física'),(260,'2025-10-12 17:30:17','ACCESAR',NULL,NULL,21,16,'media','El usuario accedió al al modulo de Compra Física'),(261,'2025-10-12 17:58:31','ACCESAR',NULL,NULL,21,16,'media','El usuario accedió al al modulo de Compra Física'),(262,'2025-10-12 18:00:19','ACCESAR',NULL,NULL,21,16,'media','El usuario accedió al al modulo de Compra Física'),(263,'2025-10-12 18:44:18','ACCESAR',NULL,NULL,21,16,'media','El usuario accedió al al modulo de Compra Física'),(264,'2025-10-12 18:44:35','ACCESAR',NULL,NULL,21,16,'media','El usuario accedió al al modulo de Compra Física'),(265,'2025-10-12 18:45:06','ACCESAR',NULL,NULL,21,16,'media','El usuario accedió al al modulo de Compra Física'),(266,'2025-10-12 18:45:16','ACCESAR',NULL,NULL,21,16,'media','El usuario accedió al al modulo de Compra Física'),(267,'2025-10-12 18:45:30','ACCESAR',NULL,NULL,21,16,'media','El usuario accedió al al modulo de Compra Física'),(268,'2025-10-12 18:45:55','ACCESAR',NULL,NULL,21,16,'media','El usuario accedió al al modulo de Compra Física'),(269,'2025-10-13 19:38:34','ACCESAR',NULL,NULL,21,16,'media','El usuario accedió al al modulo de Compra Física'),(270,'2025-10-13 21:36:38','ACCESAR',NULL,NULL,1,16,'media','El usuario accedió al al modulo de Usuarios'),(271,'2025-10-13 21:36:41','MODIFICAR',NULL,NULL,1,16,'media','Cambio de estatus de usuario: 4 a inhabilitado'),(272,'2025-10-13 21:36:43','MODIFICAR',NULL,NULL,1,16,'media','Cambio de estatus de usuario: 4 a habilitado'),(273,'2025-10-13 22:03:06','ACCESAR',NULL,NULL,2,16,'media','El usuario accedió al al modulo de Recepcion'),(275,'2025-10-13 22:13:54','Actualizó su información personal',NULL,NULL,22,16,'','UPDATE'),(276,'2025-10-13 22:14:33','Actualizó su información personal',NULL,NULL,22,16,'','UPDATE'),(277,'2025-10-13 22:15:11','Cambió su foto de perfil',NULL,NULL,22,16,'','UPDATE'),(278,'2025-10-13 22:32:50','Actualizó su información personal',NULL,NULL,22,16,'','UPDATE'),(279,'2025-10-13 22:33:27','Cambió su foto de perfil',NULL,NULL,22,16,'','UPDATE'),(280,'2025-10-13 22:34:20','Actualizó su información personal',NULL,NULL,22,16,'','UPDATE'),(281,'2025-10-13 22:36:35','Actualizó su información personal',NULL,NULL,22,16,'','UPDATE'),(282,'2025-10-13 22:37:03','Cambió su foto de perfil',NULL,NULL,22,16,'','UPDATE'),(283,'2025-10-14 00:06:59','ACCESAR',NULL,NULL,10,3,'media','El usuario accedió al al modulo de Catálogo'),(284,'2025-10-14 08:04:23','ACCESAR',NULL,NULL,15,3,'media','El usuario accedió al al modulo de Cuentas Bancarias'),(285,'2025-10-14 08:06:33','ACCESAR',NULL,NULL,15,3,'media','El usuario accedió al al modulo de Cuentas Bancarias'),(286,'2025-10-14 08:06:54','ACCESAR',NULL,NULL,15,3,'media','El usuario accedió al al modulo de Cuentas Bancarias'),(287,'2025-10-14 08:07:00','ACCESAR',NULL,NULL,15,3,'media','El usuario accedió al al modulo de Cuentas Bancarias'),(288,'2025-10-14 08:07:15','ACCESAR',NULL,NULL,15,3,'media','El usuario accedió al al modulo de Cuentas Bancarias'),(289,'2025-10-14 08:08:40','ACCESAR',NULL,NULL,15,3,'media','El usuario accedió al al modulo de Cuentas Bancarias'),(290,'2025-10-14 08:10:46','ACCESAR',NULL,NULL,15,3,'media','El usuario accedió al al modulo de Cuentas Bancarias'),(291,'2025-10-14 08:12:58','ACCESAR',NULL,NULL,10,4,'media','El usuario accedió al al modulo de Catálogo'),(292,'2025-10-14 08:13:59','ACCESAR',NULL,NULL,17,4,'media','El usuario accedió al al modulo de Permisos'),(293,'2025-10-14 08:14:17','ACCESAR',NULL,NULL,18,4,'media','El usuario accedió al al modulo de Roles'),(294,'2025-10-14 08:14:31','ACCESAR',NULL,NULL,18,4,'media','El usuario accedió al al modulo de Roles'),(295,'2025-10-14 08:14:35','ACCESAR',NULL,NULL,17,4,'media','El usuario accedió al al modulo de Permisos'),(296,'2025-10-14 08:14:44','MODIFICAR',NULL,NULL,17,4,'media','El usuario modificó los permisos de los roles del sistema'),(297,'2025-10-14 08:14:48','ACCESAR',NULL,NULL,17,4,'media','El usuario accedió al al modulo de Permisos'),(298,'2025-10-14 08:49:25','ACCESAR',NULL,NULL,17,3,'media','El usuario accedió al al modulo de Permisos'),(299,'2025-10-14 21:05:07','ACCESAR',NULL,NULL,17,3,'media','El usuario accedió al al modulo de Permisos'),(300,'2025-10-14 21:11:21','MODIFICAR',NULL,NULL,17,3,'media','El usuario modificó los permisos de los roles del sistema'),(301,'2025-10-14 21:11:26','ACCESAR',NULL,NULL,17,3,'media','El usuario accedió al al modulo de Permisos'),(302,'2025-10-14 21:15:11','ACCESAR',NULL,NULL,17,3,'media','El usuario accedió al al modulo de Permisos'),(303,'2025-10-14 21:16:32','ACCESAR',NULL,NULL,17,3,'media','El usuario accedió al al modulo de Permisos'),(304,'2025-10-14 21:32:50','ACCESAR',NULL,NULL,18,7,'media','El usuario accedió al al modulo de Roles'),(305,'2025-10-14 21:32:54','ACCESAR',NULL,NULL,17,7,'media','El usuario accedió al al modulo de Permisos'),(306,'2025-10-14 21:33:14','ACCESAR',NULL,NULL,17,3,'media','El usuario accedió al al modulo de Permisos'),(307,'2025-10-14 21:33:26','MODIFICAR',NULL,NULL,17,3,'media','El usuario modificó los permisos de los roles del sistema'),(308,'2025-10-14 21:33:30','ACCESAR',NULL,NULL,17,3,'media','El usuario accedió al al modulo de Permisos'),(309,'2025-10-14 21:43:27','ACCESAR',NULL,NULL,21,4,'media','El usuario accedió al al modulo de Compra Física'),(310,'2025-10-14 21:46:04','ACCESAR',NULL,NULL,21,4,'media','El usuario accedió al al modulo de Compra Física'),(311,'2025-10-14 21:49:23','ACCESAR',NULL,NULL,21,4,'media','El usuario accedió al al modulo de Compra Física'),(312,'2025-10-15 19:30:00','ACCESAR',NULL,NULL,17,3,'media','El usuario accedió al al modulo de Permisos'),(313,'2025-10-15 21:04:35','ACCESAR',NULL,NULL,17,3,'media','El usuario accedió al al modulo de Permisos'),(314,'2025-10-15 21:04:42','ACCESAR',NULL,NULL,4,3,'media','El usuario accedió al al modulo de marcas'),(315,'2025-10-15 21:05:07','INCLUIR',NULL,NULL,4,3,'alta','El usuario incluyó la marca: id_marca: Marca-0031, nombre_marca: Samsung'),(316,'2025-10-15 21:05:45','ACCESAR',NULL,NULL,4,3,'media','El usuario accedió al al modulo de marcas'),(317,'2025-10-15 21:15:26','ACCESAR',NULL,NULL,4,3,'media','El usuario accedió al al modulo de marcas'),(318,'2025-10-15 21:15:40','ACCESAR',NULL,NULL,12,3,'media','El usuario accedió al al modulo de Pasarela de pagos'),(319,'2025-10-15 21:19:33','ACCESAR',NULL,NULL,12,3,'media','El usuario accedió al al modulo de Pasarela de pagos'),(320,'2025-10-15 21:19:50','ACCESAR',NULL,NULL,12,3,'media','El usuario accedió al al modulo de Pasarela de pagos'),(321,'2025-10-15 21:21:28','ACCESAR',NULL,NULL,12,3,'media','El usuario accedió al al modulo de Pasarela de pagos'),(322,'2025-10-15 21:29:58','ACCESAR',NULL,NULL,21,7,'media','El usuario accedió al al modulo de Compra Física'),(323,'2025-10-15 21:30:34','ACCESAR',NULL,NULL,21,7,'media','El usuario accedió al al modulo de Compra Física'),(324,'2025-10-15 21:31:10','ACCESAR',NULL,NULL,21,7,'media','El usuario accedió al al modulo de Compra Física'),(325,'2025-10-15 21:32:41','ACCESAR',NULL,NULL,21,7,'media','El usuario accedió al al modulo de Compra Física'),(326,'2025-10-15 21:36:44','ACCESAR',NULL,NULL,21,7,'media','El usuario accedió al al modulo de Compra Física'),(327,'2025-10-15 21:42:53','ACCESAR',NULL,NULL,21,7,'media','El usuario accedió al al modulo de Compra Física'),(328,'2025-10-15 21:45:24','ACCESAR',NULL,NULL,17,7,'media','El usuario accedió al al modulo de Permisos'),(329,'2025-10-15 21:45:48','ACCESAR',NULL,NULL,17,7,'media','El usuario accedió al al modulo de Permisos'),(330,'2025-10-15 21:46:10','MODIFICAR',NULL,NULL,17,7,'media','El usuario modificó los permisos de los roles del sistema'),(331,'2025-10-15 21:46:13','ACCESAR',NULL,NULL,17,7,'media','El usuario accedió al al modulo de Permisos'),(332,'2025-10-15 21:47:06','ACCESAR',NULL,NULL,17,7,'media','El usuario accedió al al modulo de Permisos'),(333,'2025-10-15 21:48:31','ACCESAR',NULL,NULL,2,3,'media','El usuario accedió al al modulo de Recepcion'),(334,'2025-10-15 21:49:10','ACCESAR',NULL,NULL,21,7,'media','El usuario accedió al al modulo de Compra Física'),(335,'2025-10-15 21:51:39','ACCESAR',NULL,NULL,21,7,'media','El usuario accedió al al modulo de Compra Física'),(336,'2025-10-15 21:52:11','ACCESAR',NULL,NULL,21,7,'media','El usuario accedió al al modulo de Compra Física'),(337,'2025-10-15 21:58:17','ACCESAR',NULL,NULL,21,3,'media','El usuario accedió al al modulo de Compra Física'),(338,'2025-10-15 22:01:24','ACCESAR',NULL,NULL,21,3,'media','El usuario accedió al al modulo de Compra Física'),(339,'2025-10-15 22:01:54','ACCESAR',NULL,NULL,21,3,'media','El usuario accedió al al modulo de Compra Física'),(340,'2025-10-15 22:02:43','ACCESAR',NULL,NULL,21,3,'media','El usuario accedió al al modulo de Compra Física'),(341,'2025-10-15 22:03:05','ACCESAR',NULL,NULL,21,3,'media','El usuario accedió al al modulo de Compra Física'),(342,'2025-10-15 22:03:36','ACCESAR',NULL,NULL,21,3,'media','El usuario accedió al al modulo de Compra Física'),(343,'2025-10-15 22:04:09','ACCESAR',NULL,NULL,21,3,'media','El usuario accedió al al modulo de Compra Física'),(344,'2025-10-15 22:09:05','ACCESAR',NULL,NULL,21,3,'media','El usuario accedió al al modulo de Compra Física'),(345,'2025-10-15 22:09:44','ACCESAR',NULL,NULL,21,3,'media','El usuario accedió al al modulo de Compra Física'),(346,'2025-10-15 22:11:44','ACCESAR',NULL,NULL,21,7,'media','El usuario accedió al al modulo de Compra Física'),(347,'2025-10-16 20:03:56','ACCESAR',NULL,NULL,4,7,'media','El usuario accedió al al modulo de marcas'),(348,'2025-10-16 20:08:50','INCLUIR',NULL,NULL,4,7,'alta','El usuario incluyó la marca: id_marca: 31, nombre_marca: Nintendo'),(349,'2025-10-19 14:23:13','ACCESAR',NULL,NULL,4,7,'media','El usuario accedió al al modulo de marcas'),(350,'2025-10-19 14:23:30','ACCESAR',NULL,NULL,10,7,'media','El usuario accedió al al modulo de Catálogo'),(351,'2025-10-19 14:24:04','ACCESAR',NULL,NULL,10,7,'media','El usuario accedió al al modulo de Catálogo'),(352,'2025-10-19 14:25:26','ACCESAR',NULL,NULL,10,7,'media','El usuario accedió al al modulo de Catálogo'),(353,'2025-10-19 14:25:43','ACCESAR',NULL,NULL,10,7,'media','El usuario accedió al al modulo de Catálogo'),(354,'2025-10-19 15:10:45','ACCESAR',NULL,NULL,9,7,'media','El usuario accedió al al modulo de Clientes'),(355,'2025-10-19 15:37:47','ACCESAR',NULL,NULL,21,7,'media','El usuario accedió al al modulo de Compra Física'),(356,'2025-10-19 16:05:12','ACCESAR',NULL,NULL,12,7,'media','El usuario accedió al al modulo de Pasarela de pagos'),(357,'2025-10-19 16:38:11','ACCESAR',NULL,NULL,14,7,'media','El usuario accedió al al modulo de Ordenes de Despacho'),(358,'2025-10-19 16:38:24','ACCESAR',NULL,NULL,14,7,'media','El usuario accedió al al modulo de Ordenes de Despacho'),(359,'2025-10-19 17:09:33','ACCESAR',NULL,NULL,12,7,'media','El usuario accedió al al modulo de Pasarela de pagos'),(360,'2025-10-19 17:23:06','ACCESAR',NULL,NULL,15,7,'media','El usuario accedió al al modulo de Cuentas Bancarias'),(361,'2025-10-19 17:23:11','CAMBIAR ESTADO',NULL,NULL,15,7,'media','El usuario cambió el estado de la cuenta bancaria ID 34 a inhabilitado'),(362,'2025-10-19 17:23:12','CAMBIAR ESTADO',NULL,NULL,15,7,'media','El usuario cambió el estado de la cuenta bancaria ID 34 a habilitado'),(363,'2025-10-19 18:26:56','ACCESAR',NULL,NULL,1,7,'media','El usuario accedió al al modulo de Usuarios'),(364,'2025-10-19 18:32:02','ACCESAR',NULL,NULL,7,7,'media','El usuario accedió al al modulo de Categorias'),(365,'2025-10-19 18:32:16','MODIFICAR',NULL,NULL,7,7,'media','El usuario modificó la categoría ID: 15'),(366,'2025-10-19 18:32:23','MODIFICAR',NULL,NULL,7,7,'media','El usuario modificó la categoría ID: 15'),(367,'2025-10-19 19:20:24','ACCESAR',NULL,NULL,3,7,'media','El usuario accedió al al modulo de Despachos'),(368,'2025-10-19 19:20:45','ACCESAR',NULL,NULL,2,7,'media','El usuario accedió al al modulo de Recepcion'),(369,'2025-10-19 19:52:40','ACCESAR',NULL,NULL,14,7,'media','El usuario accedió al al modulo de Ordenes de Despacho'),(370,'2025-10-19 19:55:39','ACCESAR',NULL,NULL,3,7,'media','El usuario accedió al al modulo de Despachos'),(371,'2025-10-19 20:07:45','ACCESAR',NULL,NULL,14,7,'media','El usuario accedió al al modulo de Ordenes de Despacho'),(372,'2025-10-21 20:30:02','ACCESAR',NULL,NULL,14,7,'media','El usuario accedió al al modulo de Ordenes de Despacho'),(373,'2025-10-21 20:30:16','ACCESAR',NULL,NULL,6,7,'media','El usuario accedió al al modulo de Productos'),(374,'2025-10-21 20:30:17','ACCESAR',NULL,NULL,6,7,'media','El usuario accedió al al modulo de Productos'),(375,'2025-10-21 20:32:28','REGISTRAR',NULL,NULL,6,7,'media','El usuario registró un nuevo producto: Impresora SuperDrago'),(376,'2025-10-21 20:32:30','ACCESAR',NULL,NULL,6,7,'media','El usuario accedió al al modulo de Productos'),(377,'2025-10-21 20:32:32','ACCESAR',NULL,NULL,6,7,'media','El usuario accedió al al modulo de Productos'),(378,'2025-10-21 20:32:48','ACCESAR',NULL,NULL,10,7,'media','El usuario accedió al al modulo de Catálogo'),(379,'2025-10-21 20:34:05','ACCESAR',NULL,NULL,6,7,'media','El usuario accedió al al modulo de Productos'),(380,'2025-10-21 20:34:07','ACCESAR',NULL,NULL,6,7,'media','El usuario accedió al al modulo de Productos'),(381,'2025-10-21 20:34:26','ACCESAR',NULL,NULL,6,7,'media','El usuario accedió al al modulo de Productos'),(382,'2025-10-21 20:34:27','ACCESAR',NULL,NULL,6,7,'media','El usuario accedió al al modulo de Productos'),(383,'2025-10-21 20:34:45','ACCESAR',NULL,NULL,10,7,'media','El usuario accedió al al modulo de Catálogo'),(384,'2025-10-21 20:48:42','ACCESAR',NULL,NULL,6,7,'media','El usuario accedió al modulo de Productos'),(385,'2025-10-21 20:51:25','ACCESAR',NULL,NULL,6,7,'media','El usuario accedió al modulo de Productos'),(386,'2025-10-21 20:51:27','ACCESAR',NULL,NULL,6,7,'media','El usuario accedió al modulo de Productos'),(387,'2025-10-21 20:52:28','ACCESAR',NULL,NULL,6,7,'media','El usuario accedió al modulo de Productos'),(388,'2025-10-21 20:52:30','ACCESAR',NULL,NULL,6,7,'media','El usuario accedió al modulo de Productos'),(389,'2025-10-21 20:52:56','ACCESAR',NULL,NULL,6,7,'media','El usuario accedió al modulo de Productos'),(390,'2025-10-21 20:52:57','ACCESAR',NULL,NULL,6,7,'media','El usuario accedió al modulo de Productos'),(391,'2025-10-21 20:53:14','ACCESAR',NULL,NULL,6,7,'media','El usuario accedió al modulo de Productos'),(392,'2025-10-21 20:53:16','ACCESAR',NULL,NULL,6,7,'media','El usuario accedió al modulo de Productos'),(393,'2025-10-21 20:56:50','ACCESAR',NULL,NULL,6,7,'media','El usuario accedió al modulo de Productos'),(394,'2025-10-21 20:56:54','ACCESAR',NULL,NULL,6,7,'media','El usuario accedió al modulo de Productos'),(395,'2025-10-21 20:59:06','ACCESAR',NULL,NULL,6,7,'media','El usuario accedió al modulo de Productos'),(396,'2025-10-21 20:59:11','ACCESAR',NULL,NULL,6,7,'media','El usuario accedió al modulo de Productos'),(397,'2025-10-21 20:59:17','ELIMINAR',NULL,NULL,6,7,'media','El usuario eliminó el producto ID: 42'),(398,'2025-10-21 20:59:28','ELIMINAR',NULL,NULL,6,7,'media','El usuario eliminó el producto ID: 42'),(399,'2025-10-21 20:59:38','ACCESAR',NULL,NULL,6,7,'media','El usuario accedió al modulo de Productos'),(400,'2025-10-21 20:59:45','ACCESAR',NULL,NULL,6,7,'media','El usuario accedió al modulo de Productos'),(401,'2025-10-21 21:03:07','ACCESAR',NULL,NULL,6,7,'media','El usuario accedió al modulo de Productos'),(402,'2025-10-21 21:03:12','ACCESAR',NULL,NULL,6,7,'media','El usuario accedió al modulo de Productos'),(403,'2025-10-21 21:03:57','ACCESAR',NULL,NULL,6,7,'media','El usuario accedió al modulo de Productos'),(404,'2025-10-21 21:04:04','ACCESAR',NULL,NULL,6,7,'media','El usuario accedió al modulo de Productos'),(407,'2025-10-21 23:48:54','ACCESAR',NULL,NULL,6,7,'media','El usuario accedió al modulo de Productos'),(408,'2025-10-21 23:49:48','ACCESAR',NULL,NULL,6,7,'media','El usuario accedió al modulo de Productos'),(410,'2025-10-22 19:19:32','PRUEBA','{\"nuevo\":\"y\"}','{\"anterior\":\"x\"}',1,7,'baja','Registro de prueba de PHPUnit'),(412,'2025-10-22 19:23:29','ACCESAR',NULL,NULL,6,7,'media','El usuario accedió al modulo de Productos'),(413,'2025-10-22 19:23:33','ACCESAR',NULL,NULL,6,7,'media','El usuario accedió al modulo de Productos'),(414,'2025-10-22 19:23:37','ACCESAR',NULL,NULL,6,7,'media','El usuario accedió al modulo de Productos'),(415,'2025-10-22 19:23:38','ACCESAR',NULL,NULL,6,7,'media','El usuario accedió al modulo de Productos'),(428,'2025-10-22 20:04:59','ACCESAR',NULL,NULL,21,3,'media','El usuario accedió al al modulo de Compra Física'),(429,'2025-10-22 20:17:17','ACCESAR',NULL,NULL,21,3,'media','El usuario accedió al al modulo de Compra Física'),(430,'2025-10-23 07:28:02','ACCESAR',NULL,NULL,21,3,'media','El usuario accedió al al modulo de Compra Física'),(431,'2025-10-23 07:37:49','ACCESAR',NULL,NULL,21,3,'media','El usuario accedió al al modulo de Compra Física'),(432,'2025-10-23 07:43:32','ACCESAR',NULL,NULL,21,3,'media','El usuario accedió al al modulo de Compra Física'),(433,'2025-10-23 07:48:23','ACCESAR',NULL,NULL,21,3,'media','El usuario accedió al al modulo de Compra Física'),(434,'2025-10-23 07:58:19','ACCESAR',NULL,NULL,21,3,'media','El usuario accedió al al modulo de Compra Física'),(435,'2025-10-23 08:00:14','INCLUIR',NULL,NULL,3,3,'alta','El usuario Diego incluyó la compra física: 63'),(436,'2025-10-23 08:02:11','ACCESAR',NULL,NULL,10,3,'media','El usuario accedió al al modulo de Catálogo'),(437,'2025-10-23 08:02:46','INCLUIR',NULL,NULL,10,3,'alta','El usuario agregó producto al carrito: ThunderBolt (Cantidad: 1)'),(438,'2025-10-23 08:02:55','INCLUIR',NULL,NULL,10,3,'alta','El usuario agregó producto al carrito: ThunderBolt (Cantidad: 1)'),(439,'2025-10-23 08:03:21','INCLUIR',NULL,NULL,10,3,'alta','El usuario agregó combo al carrito: COMBO ANIVERSARIO (ID: 14, Productos: 3)'),(440,'2025-10-23 08:03:27','ACCESAR',NULL,NULL,10,3,'media','El usuario accedió al al modulo de Catálogo'),(441,'2025-10-23 08:04:56','ACCESAR',NULL,NULL,21,4,'media','El usuario accedió al al modulo de Compra Física'),(442,'2025-10-23 08:07:04','ACCESAR',NULL,NULL,10,11,'media','El usuario accedió al al modulo de Catálogo'),(443,'2025-10-23 08:07:14','INCLUIR',NULL,NULL,10,11,'alta','El usuario agregó combo al carrito: COMBO ANIVERSARIO (ID: 14, Productos: 3)'),(444,'2025-10-23 08:07:18','ACCESAR',NULL,NULL,10,11,'media','El usuario accedió al al modulo de Catálogo'),(445,'2025-10-23 08:07:27','INCLUIR',NULL,NULL,10,11,'alta','El usuario agregó producto al carrito: ColorBox (Cantidad: 1)'),(446,'2025-10-23 08:08:43','ACCESAR',NULL,NULL,14,3,'media','El usuario accedió al al modulo de Ordenes de Despacho'),(447,'2025-10-23 08:09:10','ACCESAR',NULL,NULL,3,3,'media','El usuario accedió al al modulo de Despachos'),(448,'2025-10-23 08:16:37','ACCESAR',NULL,NULL,10,11,'media','El usuario accedió al al modulo de Catálogo'),(449,'2025-10-23 08:17:36','ACCESAR',NULL,NULL,13,11,'media','El usuario accedió al al modulo de Pedidos'),(450,'2025-10-23 08:17:42','ACCESAR',NULL,NULL,16,11,'baja','Acceso al módulo de pasarela de pagos'),(451,'2025-10-23 08:26:07','ACCESAR',NULL,NULL,16,11,'baja','Acceso al módulo de pasarela de pagos'),(452,'2025-10-23 08:32:55','ACCESAR',NULL,NULL,16,11,'baja','Acceso al módulo de pasarela de pagos'),(453,'2025-10-23 08:36:55','ACCESAR',NULL,NULL,16,11,'baja','Acceso al módulo de pasarela de pagos'),(454,'2025-10-23 08:41:07','ACCESAR',NULL,NULL,16,11,'baja','Acceso al módulo de pasarela de pagos'),(455,'2025-10-23 08:41:43','ACCESAR',NULL,NULL,16,11,'baja','Acceso al módulo de pasarela de pagos'),(456,'2025-10-23 08:41:45','INGRESAR',NULL,NULL,16,11,'alta','Ingreso de pago con referencia 234235555555'),(457,'2025-10-23 08:41:54','ACCESAR',NULL,NULL,12,11,'media','El usuario accedió al al modulo de Pasarela de pagos'),(458,'2025-10-23 08:42:43','ACCESAR',NULL,NULL,14,3,'media','El usuario accedió al al modulo de Ordenes de Despacho'),(459,'2025-10-23 08:42:49','ACCESAR',NULL,NULL,14,3,'media','El usuario accedió al al modulo de Ordenes de Despacho'),(460,'2025-10-23 08:42:52','ACCESAR',NULL,NULL,14,3,'media','El usuario accedió al al modulo de Ordenes de Despacho'),(461,'2025-10-23 08:43:07','ACCESAR',NULL,NULL,12,3,'media','El usuario accedió al al modulo de Pasarela de pagos'),(462,'2025-10-23 08:43:34','MODIFICAR',NULL,NULL,16,3,'media','El usuario cambió el estatus del pago de la referencia bancaria: 234235555555 a Pago Procesado'),(463,'2025-10-23 08:43:41','ACCESAR',NULL,NULL,12,3,'media','El usuario accedió al al modulo de Pasarela de pagos'),(464,'2025-10-23 08:43:50','ACCESAR',NULL,NULL,14,3,'media','El usuario accedió al al modulo de Ordenes de Despacho'),(465,'2025-10-23 08:43:54','ACCESAR',NULL,NULL,14,3,'media','El usuario accedió al al modulo de Ordenes de Despacho'),(466,'2025-10-23 08:43:56','ACCESAR',NULL,NULL,14,3,'media','El usuario accedió al al modulo de Ordenes de Despacho'),(467,'2025-10-23 08:44:16','ACCESAR',NULL,NULL,3,3,'media','El usuario accedió al al modulo de Despachos'),(468,'2025-10-23 08:44:24','ACCESAR',NULL,NULL,3,3,'media','El usuario accedió al al modulo de Despachos'),(469,'2025-10-23 08:44:53','ACCESAR',NULL,NULL,12,3,'media','El usuario accedió al al modulo de Pasarela de pagos'),(470,'2025-10-23 08:50:18','ACCESAR',NULL,NULL,14,3,'media','El usuario accedió al al modulo de Ordenes de Despacho'),(471,'2025-10-23 08:54:36','ACCESAR',NULL,NULL,12,3,'media','El usuario accedió al al modulo de Pasarela de pagos'),(472,'2025-10-23 08:54:52','MODIFICAR',NULL,NULL,16,3,'media','El usuario cambió el estatus del pago de la referencia bancaria: 884675465463 a Pago Procesado'),(473,'2025-10-23 08:55:03','ACCESAR',NULL,NULL,14,3,'media','El usuario accedió al al modulo de Ordenes de Despacho'),(474,'2025-10-23 08:59:20','ACCESAR',NULL,NULL,14,3,'media','El usuario accedió al al modulo de Ordenes de Despacho'),(475,'2025-10-23 08:59:37','ACCESAR',NULL,NULL,12,3,'media','El usuario accedió al al modulo de Pasarela de pagos'),(476,'2025-10-23 08:59:46','MODIFICAR',NULL,NULL,16,3,'media','El usuario cambió el estatus del pago de la referencia bancaria: 2423452 a Pago Procesado'),(477,'2025-10-23 08:59:50','ACCESAR',NULL,NULL,14,3,'media','El usuario accedió al al modulo de Ordenes de Despacho'),(478,'2025-10-23 08:59:53','ACCESAR',NULL,NULL,14,3,'media','El usuario accedió al al modulo de Ordenes de Despacho'),(479,'2025-10-23 08:59:55','ACCESAR',NULL,NULL,14,3,'media','El usuario accedió al al modulo de Ordenes de Despacho'),(480,'2025-10-23 09:04:28','ACCESAR',NULL,NULL,14,3,'media','El usuario accedió al al modulo de Ordenes de Despacho'),(481,'2025-10-23 09:04:31','ACCESAR',NULL,NULL,12,3,'media','El usuario accedió al al modulo de Pasarela de pagos'),(482,'2025-10-23 09:04:40','ORDEN_DESPACHO',NULL,NULL,16,3,'baja','Resultado crear orden para factura 33: {\"status\":\"exists\"}'),(483,'2025-10-23 09:04:40','MODIFICAR',NULL,NULL,16,3,'media','El usuario cambió el estatus del pago de la referencia bancaria: 123456 a Pago Procesado'),(484,'2025-10-23 09:04:45','ACCESAR',NULL,NULL,12,3,'media','El usuario accedió al al modulo de Pasarela de pagos'),(485,'2025-10-23 09:04:50','ACCESAR',NULL,NULL,14,3,'media','El usuario accedió al al modulo de Ordenes de Despacho'),(486,'2025-10-23 09:04:55','ACCESAR',NULL,NULL,12,3,'media','El usuario accedió al al modulo de Pasarela de pagos'),(487,'2025-10-23 09:05:12','ACCESAR',NULL,NULL,12,3,'media','El usuario accedió al al modulo de Pasarela de pagos'),(488,'2025-10-23 09:05:22','ORDEN_DESPACHO',NULL,NULL,16,3,'baja','Resultado crear orden para factura 33: {\"status\":\"exists\"}'),(489,'2025-10-23 09:05:22','MODIFICAR',NULL,NULL,16,3,'media','El usuario cambió el estatus del pago de la referencia bancaria: 998787 a Pago Procesado'),(490,'2025-10-23 09:05:27','ACCESAR',NULL,NULL,14,3,'media','El usuario accedió al al modulo de Ordenes de Despacho'),(491,'2025-10-23 09:08:41','ACCESAR',NULL,NULL,12,3,'media','El usuario accedió al al modulo de Pasarela de pagos'),(492,'2025-10-23 09:08:51','ORDEN_DESPACHO',NULL,NULL,16,3,'baja','Resultado crear orden para factura 33: {\"status\":\"exists\"}'),(493,'2025-10-23 09:08:51','MODIFICAR',NULL,NULL,16,3,'media','El usuario cambió el estatus del pago de la referencia bancaria: 0979633 a Pago Procesado'),(494,'2025-10-23 09:11:49','ACCESAR',NULL,NULL,12,3,'media','El usuario accedió al al modulo de Pasarela de pagos'),(495,'2025-10-23 09:11:56','MODIFICAR',NULL,NULL,16,3,'media','El usuario cambió el estatus del pago de la referencia bancaria: 998787 a Pago Procesado'),(496,'2025-10-23 09:57:38','ACCESAR',NULL,NULL,12,3,'media','El usuario accedió al al modulo de Pasarela de pagos'),(497,'2025-10-23 09:57:52','MODIFICAR',NULL,NULL,16,3,'media','El usuario cambió el estatus del pago de la referencia bancaria: 754353 a Pago Procesado'),(498,'2025-10-23 09:58:15','ACCESAR',NULL,NULL,3,3,'media','El usuario accedió al al modulo de Despachos'),(499,'2025-10-23 09:58:17','ACCESAR',NULL,NULL,14,3,'media','El usuario accedió al al modulo de Ordenes de Despacho'),(500,'2025-10-23 09:58:18','ACCESAR',NULL,NULL,14,3,'media','El usuario accedió al al modulo de Ordenes de Despacho'),(501,'2025-10-23 09:58:19','ACCESAR',NULL,NULL,14,3,'media','El usuario accedió al al modulo de Ordenes de Despacho'),(502,'2025-10-23 09:58:20','ACCESAR',NULL,NULL,14,3,'media','El usuario accedió al al modulo de Ordenes de Despacho'),(503,'2025-10-23 10:03:25','ACCESAR',NULL,NULL,12,3,'media','El usuario accedió al al modulo de Pasarela de pagos'),(504,'2025-10-23 10:03:46','MODIFICAR',NULL,NULL,16,3,'media','El usuario cambió el estatus del pago de la referencia bancaria: 2423452 a Pago Incompleto'),(505,'2025-10-23 10:03:51','MODIFICAR',NULL,NULL,16,3,'media','El usuario cambió el estatus del pago de la referencia bancaria: 2423452 a Pago Procesado'),(506,'2025-10-23 10:04:16','ACCESAR',NULL,NULL,14,3,'media','El usuario accedió al al modulo de Ordenes de Despacho'),(507,'2025-10-23 10:04:22','ACCESAR',NULL,NULL,12,3,'media','El usuario accedió al al modulo de Pasarela de pagos'),(508,'2025-10-23 10:04:36','MODIFICAR',NULL,NULL,16,3,'media','El usuario cambió el estatus del pago de la referencia bancaria: 2423452 a Pago Incompleto'),(509,'2025-10-23 10:04:41','MODIFICAR',NULL,NULL,16,3,'media','El usuario cambió el estatus del pago de la referencia bancaria: 2423452 a Pago Procesado'),(510,'2025-10-23 10:09:11','ACCESAR',NULL,NULL,12,3,'media','El usuario accedió al al modulo de Pasarela de pagos'),(511,'2025-10-23 10:09:23','MODIFICAR',NULL,NULL,16,3,'media','El usuario cambió el estatus del pago de la referencia bancaria: 8747857544 a Pago Procesado'),(512,'2025-10-23 10:10:02','ACCESAR',NULL,NULL,14,3,'media','El usuario accedió al al modulo de Ordenes de Despacho'),(513,'2025-10-23 10:11:08','ACCESAR',NULL,NULL,12,3,'media','El usuario accedió al al modulo de Pasarela de pagos'),(514,'2025-10-23 10:14:34','ACCESAR',NULL,NULL,12,3,'media','El usuario accedió al al modulo de Pasarela de pagos'),(515,'2025-10-23 10:14:48','MODIFICAR',NULL,NULL,16,3,'media','El usuario cambió el estatus del pago de la referencia bancaria:  a Pago No Encontrado'),(516,'2025-10-23 10:15:11','MODIFICAR',NULL,NULL,16,3,'media','El usuario cambió el estatus del pago de la referencia bancaria:  a Pago Procesado'),(517,'2025-10-23 10:15:30','ACCESAR',NULL,NULL,12,3,'media','El usuario accedió al al modulo de Pasarela de pagos'),(518,'2025-10-23 10:17:11','ACCESAR',NULL,NULL,12,3,'media','El usuario accedió al al modulo de Pasarela de pagos'),(519,'2025-10-23 10:17:33','ACCESAR',NULL,NULL,12,3,'media','El usuario accedió al al modulo de Pasarela de pagos'),(520,'2025-10-23 10:18:25','ACCESAR',NULL,NULL,12,3,'media','El usuario accedió al al modulo de Pasarela de pagos'),(521,'2025-10-23 10:18:32','ACCESAR',NULL,NULL,12,3,'media','El usuario accedió al al modulo de Pasarela de pagos'),(522,'2025-10-23 10:18:36','ACCESAR',NULL,NULL,12,3,'media','El usuario accedió al al modulo de Pasarela de pagos'),(523,'2025-10-23 10:19:16','ACCESAR',NULL,NULL,12,3,'media','El usuario accedió al al modulo de Pasarela de pagos'),(524,'2025-10-23 10:20:47','ACCESAR',NULL,NULL,12,3,'media','El usuario accedió al al modulo de Pasarela de pagos'),(525,'2025-10-23 10:22:36','ACCESAR',NULL,NULL,12,3,'media','El usuario accedió al al modulo de Pasarela de pagos'),(526,'2025-10-23 10:22:45','MODIFICAR',NULL,NULL,16,3,'media','El usuario cambió el estatus del pago de la referencia bancaria:  a Pago No Encontrado'),(527,'2025-10-23 10:22:54','MODIFICAR',NULL,NULL,16,3,'media','El usuario cambió el estatus del pago de la referencia bancaria:  a Pago Incompleto'),(528,'2025-10-23 10:23:01','ACCESAR',NULL,NULL,12,3,'media','El usuario accedió al al modulo de Pasarela de pagos'),(529,'2025-10-23 10:23:13','MODIFICAR',NULL,NULL,16,3,'media','El usuario cambió el estatus del pago de la referencia bancaria:  a Pago No Encontrado'),(530,'2025-10-23 10:23:51','ACCESAR',NULL,NULL,12,3,'media','El usuario accedió al al modulo de Pasarela de pagos'),(531,'2025-10-23 10:23:59','MODIFICAR',NULL,NULL,16,3,'media','El usuario cambió el estatus del pago de la referencia bancaria:  a Pago Incompleto'),(532,'2025-10-23 10:24:06','ACCESAR',NULL,NULL,12,3,'media','El usuario accedió al al modulo de Pasarela de pagos'),(533,'2025-10-23 10:24:12','MODIFICAR',NULL,NULL,16,3,'media','El usuario cambió el estatus del pago de la referencia bancaria:  a Pago Incompleto'),(534,'2025-10-23 10:25:02','ACCESAR',NULL,NULL,12,3,'media','El usuario accedió al al modulo de Pasarela de pagos'),(535,'2025-10-23 10:25:07','MODIFICAR',NULL,NULL,16,3,'media','El usuario cambió el estatus del pago de la referencia bancaria:  a Pago No Encontrado'),(536,'2025-10-23 10:25:14','ACCESAR',NULL,NULL,12,3,'media','El usuario accedió al al modulo de Pasarela de pagos'),(537,'2025-10-23 10:25:23','MODIFICAR',NULL,NULL,16,3,'media','El usuario cambió el estatus del pago de la referencia bancaria:  a Pago Incompleto'),(538,'2025-10-23 10:26:21','ACCESAR',NULL,NULL,12,3,'media','El usuario accedió al al modulo de Pasarela de pagos'),(539,'2025-10-23 10:26:26','MODIFICAR',NULL,NULL,16,3,'media','El usuario cambió el estatus del pago de la referencia bancaria:  a Pago Incompleto'),(540,'2025-10-23 10:26:32','ACCESAR',NULL,NULL,12,3,'media','El usuario accedió al al modulo de Pasarela de pagos'),(541,'2025-10-23 10:27:51','MODIFICAR',NULL,NULL,16,3,'media','El usuario cambió el estatus del pago de la referencia bancaria:  a Pago Incompleto'),(542,'2025-10-23 10:31:52','ACCESAR',NULL,NULL,12,3,'media','El usuario accedió al al modulo de Pasarela de pagos'),(543,'2025-10-23 10:32:00','MODIFICAR',NULL,NULL,16,3,'media','El usuario cambió el estatus del pago de la referencia bancaria:  a Pago No Encontrado'),(544,'2025-10-23 11:30:59','PRUEBA','{\"nuevo\":\"y\"}','{\"anterior\":\"x\"}',1,7,'baja','Registro de prueba de PHPUnit'),(545,'2025-10-23 11:34:20','PRUEBA','{\"nuevo\":\"y\"}','{\"anterior\":\"x\"}',1,7,'baja','Registro de prueba de PHPUnit'),(546,'2025-10-23 11:43:06','ACCESAR',NULL,NULL,6,3,'media','El usuario accedió al modulo de Productos'),(547,'2025-10-23 11:43:07','ACCESAR',NULL,NULL,6,3,'media','El usuario accedió al modulo de Productos'),(548,'2025-10-23 11:47:13','REGISTRAR',NULL,NULL,6,3,'media','El usuario registró un nuevo producto: Mitsuvishe'),(549,'2025-10-23 11:47:56','ACCESAR',NULL,NULL,6,3,'media','El usuario accedió al modulo de Productos'),(550,'2025-10-23 11:47:58','ACCESAR',NULL,NULL,6,3,'media','El usuario accedió al modulo de Productos'),(551,'2025-10-23 11:54:25','ACCESAR',NULL,NULL,6,3,'media','El usuario accedió al modulo de Productos'),(552,'2025-10-23 11:54:27','ACCESAR',NULL,NULL,6,3,'media','El usuario accedió al modulo de Productos'),(553,'2025-10-23 11:54:30','ACCESAR',NULL,NULL,6,3,'media','El usuario accedió al modulo de Productos'),(554,'2025-10-23 11:54:31','ACCESAR',NULL,NULL,6,3,'media','El usuario accedió al modulo de Productos'),(555,'2025-10-23 11:54:32','ACCESAR',NULL,NULL,6,3,'media','El usuario accedió al modulo de Productos'),(556,'2025-10-23 11:54:33','ACCESAR',NULL,NULL,6,3,'media','El usuario accedió al modulo de Productos'),(557,'2025-10-23 11:54:34','ACCESAR',NULL,NULL,6,3,'media','El usuario accedió al modulo de Productos'),(558,'2025-10-23 11:54:35','ACCESAR',NULL,NULL,6,3,'media','El usuario accedió al modulo de Productos'),(559,'2025-10-23 11:54:36','ACCESAR',NULL,NULL,6,3,'media','El usuario accedió al modulo de Productos'),(560,'2025-10-23 11:54:39','ACCESAR',NULL,NULL,6,3,'media','El usuario accedió al modulo de Productos'),(561,'2025-10-23 11:54:41','ACCESAR',NULL,NULL,6,3,'media','El usuario accedió al modulo de Productos'),(562,'2025-10-23 11:54:45','ACCESAR',NULL,NULL,6,3,'media','El usuario accedió al modulo de Productos'),(563,'2025-10-23 11:55:05','ACCESAR',NULL,NULL,6,3,'media','El usuario accedió al modulo de Productos'),(564,'2025-10-23 11:55:07','ACCESAR',NULL,NULL,6,3,'media','El usuario accedió al modulo de Productos'),(565,'2025-10-23 11:57:04','ACCESAR',NULL,NULL,6,3,'media','El usuario accedió al modulo de Productos'),(566,'2025-10-23 11:57:06','ACCESAR',NULL,NULL,6,3,'media','El usuario accedió al modulo de Productos'),(567,'2025-10-23 11:58:28','REGISTRAR',NULL,NULL,6,3,'media','El usuario registró un nuevo producto: GigaVoltioSeven'),(568,'2025-10-23 11:58:38','ACCESAR',NULL,NULL,6,3,'media','El usuario accedió al modulo de Productos'),(569,'2025-10-23 11:58:42','ACCESAR',NULL,NULL,6,3,'media','El usuario accedió al modulo de Productos'),(570,'2025-10-23 11:58:50','ACCESAR',NULL,NULL,6,3,'media','El usuario accedió al modulo de Productos'),(571,'2025-10-23 11:58:51','ACCESAR',NULL,NULL,6,3,'media','El usuario accedió al modulo de Productos'),(572,'2025-10-23 11:58:52','ACCESAR',NULL,NULL,6,3,'media','El usuario accedió al modulo de Productos'),(573,'2025-10-23 11:58:56','ACCESAR',NULL,NULL,6,3,'media','El usuario accedió al modulo de Productos'),(574,'2025-10-23 11:59:42','REGISTRAR',NULL,NULL,6,3,'media','El usuario registró un nuevo producto: GigaVoltioVVV'),(575,'2025-10-23 12:05:25','ACCESAR',NULL,NULL,6,3,'media','El usuario accedió al modulo de Productos'),(576,'2025-10-23 12:05:27','ACCESAR',NULL,NULL,6,3,'media','El usuario accedió al modulo de Productos'),(577,'2025-10-23 12:05:31','ACCESAR',NULL,NULL,6,3,'media','El usuario accedió al modulo de Productos'),(578,'2025-10-23 12:05:33','ACCESAR',NULL,NULL,6,3,'media','El usuario accedió al modulo de Productos'),(579,'2025-10-23 12:05:36','ACCESAR',NULL,NULL,6,3,'media','El usuario accedió al modulo de Productos'),(580,'2025-10-23 12:06:13','REGISTRAR',NULL,NULL,6,3,'media','El usuario registró un nuevo producto: Giiheu'),(581,'2025-10-23 12:08:31','ACCESAR',NULL,NULL,6,3,'media','El usuario accedió al modulo de Productos'),(582,'2025-10-23 12:08:34','ACCESAR',NULL,NULL,6,3,'media','El usuario accedió al modulo de Productos'),(583,'2025-10-23 12:09:18','REGISTRAR',NULL,NULL,6,3,'media','El usuario registró un nuevo producto: ojhiuyiu'),(584,'2025-10-23 12:09:20','ACCESAR',NULL,NULL,6,3,'media','El usuario accedió al modulo de Productos'),(585,'2025-10-23 12:09:25','ACCESAR',NULL,NULL,6,3,'media','El usuario accedió al modulo de Productos'),(586,'2025-10-25 19:53:56','ACCESAR',NULL,NULL,6,3,'media','El usuario accedió al modulo de Productos'),(587,'2025-10-25 19:53:58','ACCESAR',NULL,NULL,6,3,'media','El usuario accedió al modulo de Productos'),(588,'2025-10-25 19:57:21','ACCESAR',NULL,NULL,6,3,'media','El usuario accedió al modulo de Productos'),(589,'2025-10-25 19:57:22','ACCESAR',NULL,NULL,6,3,'media','El usuario accedió al modulo de Productos'),(590,'2025-10-25 19:58:29','ACCESAR',NULL,NULL,6,3,'media','El usuario accedió al modulo de Productos'),(591,'2025-10-25 19:58:31','ACCESAR',NULL,NULL,6,3,'media','El usuario accedió al modulo de Productos'),(592,'2025-10-25 20:02:07','ACCESAR',NULL,NULL,6,3,'media','El usuario accedió al modulo de Productos'),(593,'2025-10-25 20:02:08','ACCESAR',NULL,NULL,6,3,'media','El usuario accedió al modulo de Productos'),(594,'2025-10-25 20:02:12','ACCESAR',NULL,NULL,6,3,'media','El usuario accedió al modulo de Productos'),(595,'2025-10-25 20:03:21','ACCESAR',NULL,NULL,6,3,'media','El usuario accedió al modulo de Productos'),(596,'2025-10-25 20:03:25','ACCESAR',NULL,NULL,6,3,'media','El usuario accedió al modulo de Productos'),(597,'2025-10-25 20:08:54','ACCESAR',NULL,NULL,6,3,'media','El usuario accedió al modulo de Productos'),(598,'2025-10-25 20:08:59','ACCESAR',NULL,NULL,6,3,'media','El usuario accedió al modulo de Productos'),(599,'2025-10-25 20:09:12','ACCESAR',NULL,NULL,6,3,'media','El usuario accedió al modulo de Productos'),(600,'2025-10-25 20:09:14','ACCESAR',NULL,NULL,6,3,'media','El usuario accedió al modulo de Productos'),(601,'2025-10-25 20:09:25','ACCESAR',NULL,NULL,6,3,'media','El usuario accedió al modulo de Productos'),(602,'2025-10-25 20:09:30','ACCESAR',NULL,NULL,6,3,'media','El usuario accedió al modulo de Productos'),(603,'2025-10-25 20:12:45','ACCESAR',NULL,NULL,6,3,'media','El usuario accedió al modulo de Productos'),(604,'2025-10-25 20:12:51','ACCESAR',NULL,NULL,6,3,'media','El usuario accedió al modulo de Productos'),(605,'2025-10-25 20:17:32','ACCESAR',NULL,NULL,6,3,'media','El usuario accedió al modulo de Productos'),(606,'2025-10-25 20:17:35','ACCESAR',NULL,NULL,6,3,'media','El usuario accedió al modulo de Productos'),(607,'2025-10-25 20:17:54','ACCESAR',NULL,NULL,6,3,'media','El usuario accedió al modulo de Productos'),(608,'2025-10-25 20:17:56','ACCESAR',NULL,NULL,6,3,'media','El usuario accedió al modulo de Productos'),(609,'2025-10-25 20:24:21','ACCESAR',NULL,NULL,6,3,'media','El usuario accedió al modulo de Productos'),(610,'2025-10-25 20:24:22','ACCESAR',NULL,NULL,6,3,'media','El usuario accedió al modulo de Productos'),(611,'2025-10-25 20:26:37','ACCESAR',NULL,NULL,6,3,'media','El usuario accedió al modulo de Productos'),(612,'2025-10-25 20:26:44','ACCESAR',NULL,NULL,6,3,'media','El usuario accedió al modulo de Productos'),(613,'2025-10-25 20:27:28','ACCESAR',NULL,NULL,6,3,'media','El usuario accedió al modulo de Productos'),(614,'2025-10-25 20:27:31','ACCESAR',NULL,NULL,6,3,'media','El usuario accedió al modulo de Productos'),(615,'2025-10-25 20:31:10','ACCESAR',NULL,NULL,6,3,'media','El usuario accedió al modulo de Productos'),(616,'2025-10-25 20:31:15','ACCESAR',NULL,NULL,6,3,'media','El usuario accedió al modulo de Productos'),(617,'2025-10-25 20:31:41','ACCESAR',NULL,NULL,6,3,'media','El usuario accedió al modulo de Productos'),(618,'2025-10-25 20:31:45','ACCESAR',NULL,NULL,6,3,'media','El usuario accedió al modulo de Productos'),(619,'2025-10-25 20:35:22','ACCESAR',NULL,NULL,2,3,'media','El usuario accedió al modulo de Recepcion'),(620,'2025-10-25 20:44:30','ACCESAR',NULL,NULL,2,3,'media','El usuario accedió al modulo de Recepcion'),(621,'2025-10-25 20:45:31','ACCESAR',NULL,NULL,3,3,'media','El usuario accedió al modulo de Despachos'),(622,'2025-10-25 20:46:11','ACCESAR',NULL,NULL,8,3,'media','El usuario accedió al modulo de Proveedores'),(623,'2025-10-25 20:52:02','ACCESAR',NULL,NULL,3,3,'media','El usuario accedió al modulo de Despachos'),(624,'2025-10-25 20:52:55','ACCESAR',NULL,NULL,3,3,'media','El usuario accedió al modulo de Despachos'),(625,'2025-10-25 20:56:31','ACCESAR',NULL,NULL,3,3,'media','El usuario accedió al modulo de Despachos'),(626,'2025-10-25 20:59:42','ACCESAR',NULL,NULL,3,3,'media','El usuario accedió al modulo de Despachos'),(627,'2025-10-25 21:03:41','ACCESAR',NULL,NULL,3,3,'media','El usuario accedió al modulo de Despachos'),(628,'2025-10-25 21:14:10','ACCESAR',NULL,NULL,3,3,'media','El usuario accedió al modulo de Despachos'),(629,'2025-10-25 21:18:28','ACCESAR',NULL,NULL,3,3,'media','El usuario accedió al modulo de Despachos'),(630,'2025-10-25 21:26:55','ACCESAR',NULL,NULL,3,3,'media','El usuario accedió al modulo de Despachos'),(631,'2025-10-25 21:52:19','ACCESAR',NULL,NULL,3,3,'media','El usuario accedió al modulo de Despachos'),(632,'2025-10-25 21:56:32','ACCESAR',NULL,NULL,3,3,'media','El usuario accedió al modulo de Despachos'),(633,'2025-10-25 21:58:54','ACCESAR',NULL,NULL,3,3,'media','El usuario accedió al modulo de Despachos'),(634,'2025-10-25 22:03:30','ACCESAR',NULL,NULL,3,3,'media','El usuario accedió al modulo de Despachos'),(635,'2025-10-25 22:08:09','ACCESAR',NULL,NULL,3,3,'media','El usuario accedió al modulo de Despachos'),(636,'2025-10-25 22:08:26','ACCESAR',NULL,NULL,3,3,'media','El usuario accedió al modulo de Despachos'),(637,'2025-10-25 22:12:03','ACCESAR',NULL,NULL,3,3,'media','El usuario accedió al modulo de Despachos'),(638,'2025-10-25 22:13:44','ACCESAR',NULL,NULL,3,3,'media','El usuario accedió al modulo de Despachos'),(639,'2025-10-25 22:14:13','ACCESAR',NULL,NULL,3,3,'media','El usuario accedió al modulo de Despachos'),(640,'2025-10-25 22:16:43','ACCESAR',NULL,NULL,3,3,'media','El usuario accedió al modulo de Despachos'),(641,'2025-10-25 22:18:59','ACCESAR',NULL,NULL,3,3,'media','El usuario accedió al modulo de Despachos'),(642,'2025-10-25 22:19:38','ACCESAR',NULL,NULL,3,3,'media','El usuario accedió al modulo de Despachos'),(643,'2025-10-25 22:26:29','ACCESAR',NULL,NULL,2,3,'media','El usuario accedió al modulo de Recepcion'),(644,'2025-10-25 22:27:42','ACCESAR',NULL,NULL,8,3,'media','El usuario accedió al modulo de Proveedores'),(645,'2025-10-25 22:28:23','ACCESAR',NULL,NULL,8,3,'media','El usuario accedió al modulo de Proveedores'),(646,'2025-10-25 22:28:32','ACCESAR',NULL,NULL,2,3,'media','El usuario accedió al modulo de Recepcion'),(647,'2025-10-25 22:31:47','ACCESAR',NULL,NULL,2,3,'media','El usuario accedió al modulo de Recepcion'),(648,'2025-10-25 22:32:17','ACCESAR',NULL,NULL,8,3,'media','El usuario accedió al modulo de Proveedores'),(649,'2025-10-25 22:36:08','ACCESAR',NULL,NULL,8,3,'media','El usuario accedió al modulo de Proveedores'),(650,'2025-10-25 22:37:34','ACCESAR',NULL,NULL,8,3,'media','El usuario accedió al modulo de Proveedores'),(651,'2025-10-25 22:40:32','ACCESAR',NULL,NULL,8,3,'media','El usuario accedió al modulo de Proveedores'),(652,'2025-10-25 22:43:35','ACCESAR',NULL,NULL,8,3,'media','El usuario accedió al modulo de Proveedores'),(653,'2025-10-25 22:44:13','ACCESAR',NULL,NULL,8,3,'media','El usuario accedió al modulo de Proveedores'),(654,'2025-10-25 22:45:06','ACCESAR',NULL,NULL,8,3,'media','El usuario accedió al modulo de Proveedores'),(655,'2025-10-25 22:45:10','ACCESAR',NULL,NULL,2,3,'media','El usuario accedió al modulo de Recepcion'),(656,'2025-10-25 22:49:23','ACCESAR',NULL,NULL,8,3,'media','El usuario accedió al modulo de Proveedores'),(657,'2025-10-26 09:33:39','ACCESAR',NULL,NULL,8,3,'media','El usuario accedió al modulo de Proveedores'),(658,'2025-10-26 09:43:29','ACCESAR',NULL,NULL,8,3,'media','El usuario accedió al modulo de Proveedores'),(659,'2025-10-26 09:45:22','ACCESAR',NULL,NULL,8,3,'media','El usuario accedió al modulo de Proveedores'),(660,'2025-10-26 09:57:40','ACCESAR',NULL,NULL,8,3,'media','El usuario accedió al modulo de Proveedores'),(661,'2025-10-26 10:07:10','ACCESAR',NULL,NULL,8,3,'media','El usuario accedió al modulo de Proveedores'),(662,'2025-10-26 10:08:06','ACCESAR',NULL,NULL,8,3,'media','El usuario accedió al modulo de Proveedores'),(663,'2025-10-26 10:11:25','ACCESAR',NULL,NULL,8,3,'media','El usuario accedió al modulo de Proveedores'),(664,'2025-10-26 10:18:08','ACCESAR',NULL,NULL,2,3,'media','El usuario accedió al modulo de Recepcion'),(665,'2025-10-26 10:24:34','ACCESAR',NULL,NULL,8,3,'media','El usuario accedió al modulo de Proveedores'),(666,'2025-10-26 10:42:13','ACCESAR',NULL,NULL,2,3,'media','El usuario accedió al modulo de Recepcion'),(667,'2025-10-26 10:50:31','ACCESAR',NULL,NULL,2,3,'media','El usuario accedió al modulo de Recepcion'),(668,'2025-10-26 10:56:27','ACCESAR',NULL,NULL,2,3,'media','El usuario accedió al modulo de Recepcion'),(669,'2025-10-26 11:04:33','ACCESAR',NULL,NULL,2,3,'media','El usuario accedió al modulo de Recepcion'),(670,'2025-10-26 11:05:00','ACCESAR',NULL,NULL,1,3,'media','El usuario accedió al al modulo de Usuarios'),(671,'2025-10-26 11:17:26','ACCESAR',NULL,NULL,1,3,'media','El usuario accedió al al modulo de Usuarios'),(672,'2025-10-26 11:17:35','ACCESAR',NULL,NULL,1,3,'media','El usuario accedió al al modulo de Usuarios'),(673,'2025-10-26 11:17:46','ACCESAR',NULL,NULL,1,3,'media','El usuario accedió al módulo de Reportes de Usuarios'),(674,'2025-10-26 11:24:57','ACCESAR',NULL,NULL,1,3,'media','El usuario accedió al módulo de Reportes de Usuarios'),(675,'2025-10-26 15:44:10','ACCESAR',NULL,NULL,1,3,'media','El usuario accedió al módulo de Reportes de Usuarios'),(676,'2025-10-26 15:45:01','ACCESAR',NULL,NULL,17,3,'media','El usuario accedió al módulo de Backup'),(677,'2025-10-26 15:53:37','ACCESAR',NULL,NULL,17,3,'media','El usuario accedió al módulo de Backup'),(678,'2025-10-26 15:54:10','ACCESAR',NULL,NULL,17,3,'media','El usuario accedió al módulo de Backup'),(679,'2025-10-26 15:58:14','ACCESAR',NULL,NULL,17,3,'media','El usuario accedió al módulo de Backup'),(680,'2025-10-26 15:58:47','ACCESAR',NULL,NULL,17,3,'media','El usuario accedió al módulo de Backup'),(681,'2025-10-26 15:59:51','ACCESAR',NULL,NULL,17,3,'media','El usuario accedió al módulo de Backup'),(682,'2025-10-26 16:04:18','ACCESAR',NULL,NULL,17,3,'media','El usuario accedió al módulo de Backup'),(683,'2025-10-26 16:04:38','ACCESAR',NULL,NULL,17,3,'media','El usuario accedió al módulo de Backup'),(684,'2025-10-26 16:10:44','ACCESAR',NULL,NULL,17,3,'media','El usuario accedió al módulo de Backup'),(685,'2025-10-26 16:10:58','ACCESAR',NULL,NULL,17,3,'media','El usuario accedió al módulo de Backup'),(686,'2025-10-26 16:16:55','ACCESAR',NULL,NULL,17,3,'media','El usuario accedió al módulo de Backup'),(687,'2025-10-26 16:17:06','ACCESAR',NULL,NULL,17,3,'media','El usuario accedió al módulo de Backup'),(688,'2025-10-26 16:31:28','ACCESAR',NULL,NULL,17,3,'media','El usuario accedió al módulo de Backup'),(689,'2025-10-26 16:35:16','ACCESAR',NULL,NULL,17,3,'media','El usuario accedió al módulo de Backup'),(690,'2025-10-26 16:35:27','ACCESAR',NULL,NULL,17,3,'media','El usuario accedió al módulo de Backup'),(691,'2025-10-26 16:35:38','ACCESAR',NULL,NULL,17,3,'media','El usuario accedió al módulo de Backup');
/*!40000 ALTER TABLE `tbl_bitacora` ENABLE KEYS */;
UNLOCK TABLES;

--
-- Table structure for table `tbl_modulos`
--

DROP TABLE IF EXISTS `tbl_modulos`;
/*!40101 SET @saved_cs_client     = @@character_set_client */;
/*!40101 SET character_set_client = utf8 */;
CREATE TABLE `tbl_modulos` (
  `id_modulo` int(11) NOT NULL AUTO_INCREMENT,
  `nombre_modulo` varchar(50) NOT NULL,
  PRIMARY KEY (`id_modulo`)
) ENGINE=InnoDB AUTO_INCREMENT=23 DEFAULT CHARSET=utf8mb4 COLLATE=utf8mb4_general_ci;
/*!40101 SET character_set_client = @saved_cs_client */;

--
-- Dumping data for table `tbl_modulos`
--

LOCK TABLES `tbl_modulos` WRITE;
/*!40000 ALTER TABLE `tbl_modulos` DISABLE KEYS */;
INSERT INTO `tbl_modulos` VALUES (1,'Usuario'),(2,'Recepcion'),(3,'Despacho'),(4,'Marcas'),(5,'Modelos'),(6,'Productos'),(7,'Categorias'),(8,'Proveedores'),(9,'Clientes'),(10,'Catalogo'),(11,'Carrito'),(12,'Pasarela'),(13,'Pedidos'),(14,'Ordenes de despacho'),(15,'Cuentas bancarias'),(16,'Finanzas'),(17,'Permisos'),(18,'Roles'),(19,'Bitacora'),(20,'Respaldo'),(21,'Compra Fisica'),(22,'Perfil de Usuario');
/*!40000 ALTER TABLE `tbl_modulos` ENABLE KEYS */;
UNLOCK TABLES;

--
-- Table structure for table `tbl_notificaciones`
--

DROP TABLE IF EXISTS `tbl_notificaciones`;
/*!40101 SET @saved_cs_client     = @@character_set_client */;
/*!40101 SET character_set_client = utf8 */;
CREATE TABLE `tbl_notificaciones` (
  `id_notificacion` int(11) NOT NULL AUTO_INCREMENT,
  `id_usuario` int(11) NOT NULL,
  `tipo` enum('pago','factura','despacho','sistema') NOT NULL,
  `titulo` varchar(100) NOT NULL,
  `mensaje` varchar(255) NOT NULL,
  `id_referencia` int(11) DEFAULT NULL COMMENT 'ID en la otra base de datos',
  `fecha_hora` datetime NOT NULL DEFAULT current_timestamp(),
  `leido` tinyint(1) NOT NULL DEFAULT 0,
  `prioridad` enum('baja','media','alta') NOT NULL DEFAULT 'media',
  PRIMARY KEY (`id_notificacion`),
  KEY `id_usuario` (`id_usuario`),
  CONSTRAINT `fk_notif_usuario` FOREIGN KEY (`id_usuario`) REFERENCES `tbl_usuarios` (`id_usuario`) ON DELETE CASCADE ON UPDATE CASCADE
) ENGINE=InnoDB AUTO_INCREMENT=56 DEFAULT CHARSET=utf8mb4 COLLATE=utf8mb4_general_ci;
/*!40101 SET character_set_client = @saved_cs_client */;

--
-- Dumping data for table `tbl_notificaciones`
--

LOCK TABLES `tbl_notificaciones` WRITE;
/*!40000 ALTER TABLE `tbl_notificaciones` DISABLE KEYS */;
INSERT INTO `tbl_notificaciones` VALUES (1,17,'','Recepción modificada','Has modificado la recepción #1235',10,'2025-07-27 19:27:03',0,'media'),(2,7,'despacho','Nueva compra física registrada','Se ha registrado una nueva compra física #62 con 4 unidades por el usuario Darckort',NULL,'2025-10-12 12:38:39',0,'media'),(3,8,'despacho','Nueva compra física registrada','Se ha registrado una nueva compra física #62 con 4 unidades por el usuario Darckort',NULL,'2025-10-12 12:38:39',0,'media'),(4,15,'despacho','Nueva compra física registrada','Se ha registrado una nueva compra física #62 con 4 unidades por el usuario Darckort',NULL,'2025-10-12 12:38:39',0,'media'),(5,17,'despacho','Nueva compra física registrada','Se ha registrado una nueva compra física #62 con 4 unidades por el usuario Darckort',NULL,'2025-10-12 12:38:39',0,'media'),(6,3,'despacho','Nueva compra física registrada','Se ha registrado una nueva compra física #62 con 4 unidades por el usuario Darckort',NULL,'2025-10-12 12:38:39',0,'media'),(7,5,'despacho','Nueva compra física registrada','Se ha registrado una nueva compra física #62 con 4 unidades por el usuario Darckort',NULL,'2025-10-12 12:38:39',0,'media'),(8,9,'despacho','Nueva compra física registrada','Se ha registrado una nueva compra física #62 con 4 unidades por el usuario Darckort',NULL,'2025-10-12 12:38:39',0,'media'),(9,16,'despacho','Nueva compra física registrada','Se ha registrado una nueva compra física #62 con 4 unidades por el usuario Darckort',NULL,'2025-10-12 12:38:39',0,'media'),(10,4,'','Permisos actualizados','Se han actualizado los permisos de los roles del sistema por el usuario Simon',NULL,'2025-10-14 08:14:47',0,'media'),(11,7,'','Permisos actualizados','Se han actualizado los permisos de los roles del sistema por el usuario Simon',NULL,'2025-10-14 08:14:47',0,'media'),(12,8,'','Permisos actualizados','Se han actualizado los permisos de los roles del sistema por el usuario Simon',NULL,'2025-10-14 08:14:47',0,'media'),(13,15,'','Permisos actualizados','Se han actualizado los permisos de los roles del sistema por el usuario Simon',NULL,'2025-10-14 08:14:47',0,'media'),(14,17,'','Permisos actualizados','Se han actualizado los permisos de los roles del sistema por el usuario Simon',NULL,'2025-10-14 08:14:47',0,'media'),(15,3,'','Permisos actualizados','Se han actualizado los permisos de los roles del sistema por el usuario Simon',NULL,'2025-10-14 08:14:47',0,'media'),(16,5,'','Permisos actualizados','Se han actualizado los permisos de los roles del sistema por el usuario Simon',NULL,'2025-10-14 08:14:47',0,'media'),(17,9,'','Permisos actualizados','Se han actualizado los permisos de los roles del sistema por el usuario Simon',NULL,'2025-10-14 08:14:47',0,'media'),(18,16,'','Permisos actualizados','Se han actualizado los permisos de los roles del sistema por el usuario Simon',NULL,'2025-10-14 08:14:47',0,'media'),(25,7,'','Permisos actualizados','Se han actualizado los permisos de los roles del sistema por el usuario Diego',NULL,'2025-10-14 21:11:25',0,'media'),(26,8,'','Permisos actualizados','Se han actualizado los permisos de los roles del sistema por el usuario Diego',NULL,'2025-10-14 21:11:25',0,'media'),(27,15,'','Permisos actualizados','Se han actualizado los permisos de los roles del sistema por el usuario Diego',NULL,'2025-10-14 21:11:25',0,'media'),(28,17,'','Permisos actualizados','Se han actualizado los permisos de los roles del sistema por el usuario Diego',NULL,'2025-10-14 21:11:25',0,'media'),(29,3,'','Permisos actualizados','Se han actualizado los permisos de los roles del sistema por el usuario Diego',NULL,'2025-10-14 21:11:25',0,'media'),(30,5,'','Permisos actualizados','Se han actualizado los permisos de los roles del sistema por el usuario Diego',NULL,'2025-10-14 21:11:25',0,'media'),(31,9,'','Permisos actualizados','Se han actualizado los permisos de los roles del sistema por el usuario Diego',NULL,'2025-10-14 21:11:25',0,'media'),(32,16,'','Permisos actualizados','Se han actualizado los permisos de los roles del sistema por el usuario Diego',NULL,'2025-10-14 21:11:25',0,'media'),(40,7,'','Permisos actualizados','Se han actualizado los permisos de los roles del sistema por el usuario Diego',NULL,'2025-10-14 21:33:29',0,'media'),(41,8,'','Permisos actualizados','Se han actualizado los permisos de los roles del sistema por el usuario Diego',NULL,'2025-10-14 21:33:29',0,'media'),(42,15,'','Permisos actualizados','Se han actualizado los permisos de los roles del sistema por el usuario Diego',NULL,'2025-10-14 21:33:29',0,'media'),(43,17,'','Permisos actualizados','Se han actualizado los permisos de los roles del sistema por el usuario Diego',NULL,'2025-10-14 21:33:29',0,'media'),(44,3,'','Permisos actualizados','Se han actualizado los permisos de los roles del sistema por el usuario Diego',NULL,'2025-10-14 21:33:29',0,'media'),(45,5,'','Permisos actualizados','Se han actualizado los permisos de los roles del sistema por el usuario Diego',NULL,'2025-10-14 21:33:29',0,'media'),(46,9,'','Permisos actualizados','Se han actualizado los permisos de los roles del sistema por el usuario Diego',NULL,'2025-10-14 21:33:29',0,'media'),(47,16,'','Permisos actualizados','Se han actualizado los permisos de los roles del sistema por el usuario Diego',NULL,'2025-10-14 21:33:29',0,'media'),(48,7,'','Permisos actualizados','Se han actualizado los permisos de los roles del sistema por el usuario Ben10',NULL,'2025-10-15 21:46:13',0,'media'),(49,8,'','Permisos actualizados','Se han actualizado los permisos de los roles del sistema por el usuario Ben10',NULL,'2025-10-15 21:46:13',0,'media'),(50,15,'','Permisos actualizados','Se han actualizado los permisos de los roles del sistema por el usuario Ben10',NULL,'2025-10-15 21:46:13',0,'media'),(51,17,'','Permisos actualizados','Se han actualizado los permisos de los roles del sistema por el usuario Ben10',NULL,'2025-10-15 21:46:13',0,'media'),(52,3,'','Permisos actualizados','Se han actualizado los permisos de los roles del sistema por el usuario Ben10',NULL,'2025-10-15 21:46:13',0,'media'),(53,5,'','Permisos actualizados','Se han actualizado los permisos de los roles del sistema por el usuario Ben10',NULL,'2025-10-15 21:46:13',0,'media'),(54,9,'','Permisos actualizados','Se han actualizado los permisos de los roles del sistema por el usuario Ben10',NULL,'2025-10-15 21:46:13',0,'media'),(55,16,'','Permisos actualizados','Se han actualizado los permisos de los roles del sistema por el usuario Ben10',NULL,'2025-10-15 21:46:13',0,'media');
/*!40000 ALTER TABLE `tbl_notificaciones` ENABLE KEYS */;
UNLOCK TABLES;

--
-- Table structure for table `tbl_permisos`
--

DROP TABLE IF EXISTS `tbl_permisos`;
/*!40101 SET @saved_cs_client     = @@character_set_client */;
/*!40101 SET character_set_client = utf8 */;
CREATE TABLE `tbl_permisos` (
  `id` int(11) NOT NULL AUTO_INCREMENT,
  `accion` varchar(10) NOT NULL,
  `id_rol` int(11) NOT NULL,
  `id_modulo` int(11) NOT NULL,
  `estatus` enum('Permitido','No Permitido') NOT NULL DEFAULT 'Permitido',
  PRIMARY KEY (`id`),
  KEY `id_rol` (`id_rol`,`id_modulo`),
  KEY `id_modulo` (`id_modulo`),
  CONSTRAINT `tbl_permisos_ibfk_1` FOREIGN KEY (`id_rol`) REFERENCES `tbl_rol` (`id_rol`) ON DELETE CASCADE ON UPDATE CASCADE,
  CONSTRAINT `tbl_permisos_ibfk_2` FOREIGN KEY (`id_modulo`) REFERENCES `tbl_modulos` (`id_modulo`) ON DELETE CASCADE ON UPDATE CASCADE
) ENGINE=InnoDB AUTO_INCREMENT=8889 DEFAULT CHARSET=utf8mb4 COLLATE=utf8mb4_general_ci;
/*!40101 SET character_set_client = @saved_cs_client */;

--
-- Dumping data for table `tbl_permisos`
--

LOCK TABLES `tbl_permisos` WRITE;
/*!40000 ALTER TABLE `tbl_permisos` DISABLE KEYS */;
INSERT INTO `tbl_permisos` VALUES (5,'ingresar',6,1,'Permitido'),(10,'consultar',6,1,'Permitido'),(15,'modificar',6,1,'Permitido'),(20,'incluir',6,1,'Permitido'),(25,'eliminar',6,1,'Permitido'),(30,'reportar',6,1,'Permitido'),(35,'ingresar',6,2,'Permitido'),(40,'consultar',6,2,'Permitido'),(45,'modificar',6,2,'Permitido'),(50,'incluir',6,2,'Permitido'),(55,'eliminar',6,2,'Permitido'),(60,'reportar',6,2,'Permitido'),(65,'ingresar',6,3,'Permitido'),(70,'consultar',6,3,'Permitido'),(75,'modificar',6,3,'Permitido'),(80,'incluir',6,3,'Permitido'),(85,'eliminar',6,3,'Permitido'),(90,'reportar',6,3,'Permitido'),(95,'ingresar',6,4,'Permitido'),(100,'consultar',6,4,'Permitido'),(105,'modificar',6,4,'Permitido'),(110,'incluir',6,4,'Permitido'),(115,'eliminar',6,4,'Permitido'),(120,'reportar',6,4,'Permitido'),(125,'ingresar',6,5,'Permitido'),(130,'consultar',6,5,'Permitido'),(135,'modificar',6,5,'Permitido'),(140,'incluir',6,5,'Permitido'),(145,'eliminar',6,5,'Permitido'),(150,'reportar',6,5,'Permitido'),(155,'ingresar',6,6,'Permitido'),(160,'consultar',6,6,'Permitido'),(165,'modificar',6,6,'Permitido'),(170,'incluir',6,6,'Permitido'),(175,'eliminar',6,6,'Permitido'),(180,'reportar',6,6,'Permitido'),(185,'ingresar',6,7,'Permitido'),(190,'consultar',6,7,'Permitido'),(195,'modificar',6,7,'Permitido'),(200,'incluir',6,7,'Permitido'),(205,'eliminar',6,7,'Permitido'),(210,'reportar',6,7,'Permitido'),(215,'ingresar',6,8,'Permitido'),(220,'consultar',6,8,'Permitido'),(225,'modificar',6,8,'Permitido'),(230,'incluir',6,8,'Permitido'),(235,'eliminar',6,8,'Permitido'),(240,'reportar',6,8,'Permitido'),(245,'ingresar',6,9,'Permitido'),(250,'consultar',6,9,'Permitido'),(255,'modificar',6,9,'Permitido'),(260,'incluir',6,9,'Permitido'),(265,'eliminar',6,9,'Permitido'),(270,'reportar',6,9,'Permitido'),(275,'ingresar',6,10,'Permitido'),(280,'consultar',6,10,'Permitido'),(285,'modificar',6,10,'Permitido'),(290,'incluir',6,10,'Permitido'),(295,'eliminar',6,10,'Permitido'),(300,'reportar',6,10,'Permitido'),(305,'ingresar',6,11,'Permitido'),(310,'consultar',6,11,'Permitido'),(315,'modificar',6,11,'Permitido'),(320,'incluir',6,11,'Permitido'),(325,'eliminar',6,11,'Permitido'),(330,'reportar',6,11,'Permitido'),(335,'ingresar',6,12,'Permitido'),(340,'consultar',6,12,'Permitido'),(345,'modificar',6,12,'Permitido'),(350,'incluir',6,12,'Permitido'),(355,'eliminar',6,12,'Permitido'),(360,'reportar',6,12,'Permitido'),(365,'ingresar',6,13,'Permitido'),(370,'consultar',6,13,'Permitido'),(375,'modificar',6,13,'Permitido'),(380,'incluir',6,13,'Permitido'),(385,'eliminar',6,13,'Permitido'),(390,'reportar',6,13,'Permitido'),(395,'ingresar',6,14,'Permitido'),(400,'consultar',6,14,'Permitido'),(405,'modificar',6,14,'Permitido'),(410,'incluir',6,14,'Permitido'),(415,'eliminar',6,14,'Permitido'),(420,'reportar',6,14,'Permitido'),(425,'ingresar',6,15,'Permitido'),(430,'consultar',6,15,'Permitido'),(435,'modificar',6,15,'Permitido'),(440,'incluir',6,15,'Permitido'),(445,'eliminar',6,15,'Permitido'),(450,'reportar',6,15,'Permitido'),(455,'ingresar',6,16,'Permitido'),(460,'consultar',6,16,'Permitido'),(465,'modificar',6,16,'Permitido'),(470,'incluir',6,16,'Permitido'),(475,'eliminar',6,16,'Permitido'),(480,'reportar',6,16,'Permitido'),(485,'ingresar',6,17,'Permitido'),(490,'consultar',6,17,'Permitido'),(495,'modificar',6,17,'Permitido'),(500,'incluir',6,17,'Permitido'),(505,'eliminar',6,17,'Permitido'),(510,'reportar',6,17,'Permitido'),(515,'ingresar',6,18,'Permitido'),(520,'consultar',6,18,'Permitido'),(525,'modificar',6,18,'Permitido'),(530,'incluir',6,18,'Permitido'),(535,'eliminar',6,18,'Permitido'),(540,'reportar',6,18,'Permitido'),(545,'ingresar',6,19,'Permitido'),(550,'consultar',6,19,'Permitido'),(555,'modificar',6,19,'Permitido'),(560,'incluir',6,19,'Permitido'),(565,'eliminar',6,19,'Permitido'),(570,'reportar',6,19,'Permitido'),(575,'ingresar',6,20,'Permitido'),(580,'consultar',6,20,'Permitido'),(585,'modificar',6,20,'Permitido'),(590,'incluir',6,20,'Permitido'),(595,'eliminar',6,20,'Permitido'),(600,'reportar',6,20,'Permitido'),(8229,'ingresar',1,1,'Permitido'),(8230,'consultar',1,1,'Permitido'),(8231,'incluir',1,1,'Permitido'),(8232,'modificar',1,1,'Permitido'),(8233,'eliminar',1,1,'Permitido'),(8234,'generar re',1,1,'No Permitido'),(8235,'ingresar',1,2,'Permitido'),(8236,'consultar',1,2,'Permitido'),(8237,'incluir',1,2,'Permitido'),(8238,'modificar',1,2,'Permitido'),(8239,'eliminar',1,2,'Permitido'),(8240,'generar re',1,2,'No Permitido'),(8241,'ingresar',1,3,'Permitido'),(8242,'consultar',1,3,'Permitido'),(8243,'incluir',1,3,'Permitido'),(8244,'modificar',1,3,'Permitido'),(8245,'eliminar',1,3,'Permitido'),(8246,'generar re',1,3,'No Permitido'),(8247,'ingresar',1,4,'Permitido'),(8248,'consultar',1,4,'Permitido'),(8249,'incluir',1,4,'Permitido'),(8250,'modificar',1,4,'Permitido'),(8251,'eliminar',1,4,'Permitido'),(8252,'generar re',1,4,'No Permitido'),(8253,'ingresar',1,5,'Permitido'),(8254,'consultar',1,5,'Permitido'),(8255,'incluir',1,5,'Permitido'),(8256,'modificar',1,5,'Permitido'),(8257,'eliminar',1,5,'Permitido'),(8258,'generar re',1,5,'No Permitido'),(8259,'ingresar',1,6,'Permitido'),(8260,'consultar',1,6,'Permitido'),(8261,'incluir',1,6,'Permitido'),(8262,'modificar',1,6,'Permitido'),(8263,'eliminar',1,6,'Permitido'),(8264,'generar re',1,6,'No Permitido'),(8265,'ingresar',1,7,'Permitido'),(8266,'consultar',1,7,'Permitido'),(8267,'incluir',1,7,'Permitido'),(8268,'modificar',1,7,'Permitido'),(8269,'eliminar',1,7,'Permitido'),(8270,'generar re',1,7,'No Permitido'),(8271,'ingresar',1,8,'Permitido'),(8272,'consultar',1,8,'Permitido'),(8273,'incluir',1,8,'Permitido'),(8274,'modificar',1,8,'Permitido'),(8275,'eliminar',1,8,'Permitido'),(8276,'generar re',1,8,'No Permitido'),(8277,'ingresar',1,9,'Permitido'),(8278,'consultar',1,9,'Permitido'),(8279,'incluir',1,9,'Permitido'),(8280,'modificar',1,9,'Permitido'),(8281,'eliminar',1,9,'Permitido'),(8282,'generar re',1,9,'No Permitido'),(8283,'ingresar',1,10,'Permitido'),(8284,'consultar',1,10,'Permitido'),(8285,'incluir',1,10,'Permitido'),(8286,'modificar',1,10,'Permitido'),(8287,'eliminar',1,10,'Permitido'),(8288,'generar re',1,10,'No Permitido'),(8289,'ingresar',1,11,'Permitido'),(8290,'consultar',1,11,'Permitido'),(8291,'incluir',1,11,'Permitido'),(8292,'modificar',1,11,'Permitido'),(8293,'eliminar',1,11,'Permitido'),(8294,'generar re',1,11,'No Permitido'),(8295,'ingresar',1,12,'Permitido'),(8296,'consultar',1,12,'Permitido'),(8297,'incluir',1,12,'Permitido'),(8298,'modificar',1,12,'Permitido'),(8299,'eliminar',1,12,'Permitido'),(8300,'generar re',1,12,'No Permitido'),(8301,'ingresar',1,13,'Permitido'),(8302,'consultar',1,13,'Permitido'),(8303,'incluir',1,13,'Permitido'),(8304,'modificar',1,13,'Permitido'),(8305,'eliminar',1,13,'Permitido'),(8306,'generar re',1,13,'No Permitido'),(8307,'ingresar',1,14,'Permitido'),(8308,'consultar',1,14,'Permitido'),(8309,'incluir',1,14,'Permitido'),(8310,'modificar',1,14,'Permitido'),(8311,'eliminar',1,14,'Permitido'),(8312,'generar re',1,14,'No Permitido'),(8313,'ingresar',1,15,'Permitido'),(8314,'consultar',1,15,'Permitido'),(8315,'incluir',1,15,'Permitido'),(8316,'modificar',1,15,'Permitido'),(8317,'eliminar',1,15,'Permitido'),(8318,'generar re',1,15,'No Permitido'),(8319,'ingresar',1,16,'Permitido'),(8320,'consultar',1,16,'Permitido'),(8321,'incluir',1,16,'Permitido'),(8322,'modificar',1,16,'Permitido'),(8323,'eliminar',1,16,'Permitido'),(8324,'generar re',1,16,'No Permitido'),(8325,'ingresar',1,17,'Permitido'),(8326,'consultar',1,17,'Permitido'),(8327,'incluir',1,17,'Permitido'),(8328,'modificar',1,17,'Permitido'),(8329,'eliminar',1,17,'Permitido'),(8330,'generar re',1,17,'No Permitido'),(8331,'ingresar',1,18,'Permitido'),(8332,'consultar',1,18,'Permitido'),(8333,'incluir',1,18,'Permitido'),(8334,'modificar',1,18,'Permitido'),(8335,'eliminar',1,18,'Permitido'),(8336,'generar re',1,18,'No Permitido'),(8337,'ingresar',1,19,'Permitido'),(8338,'consultar',1,19,'Permitido'),(8339,'incluir',1,19,'Permitido'),(8340,'modificar',1,19,'Permitido'),(8341,'eliminar',1,19,'Permitido'),(8342,'generar re',1,19,'No Permitido'),(8343,'ingresar',1,20,'No Permitido'),(8344,'consultar',1,20,'No Permitido'),(8345,'incluir',1,20,'No Permitido'),(8346,'modificar',1,20,'No Permitido'),(8347,'eliminar',1,20,'No Permitido'),(8348,'generar re',1,20,'No Permitido'),(8349,'ingresar',1,21,'Permitido'),(8350,'consultar',1,21,'Permitido'),(8351,'incluir',1,21,'Permitido'),(8352,'modificar',1,21,'Permitido'),(8353,'eliminar',1,21,'Permitido'),(8354,'generar re',1,21,'No Permitido'),(8355,'ingresar',1,22,'No Permitido'),(8356,'consultar',1,22,'No Permitido'),(8357,'incluir',1,22,'No Permitido'),(8358,'modificar',1,22,'No Permitido'),(8359,'eliminar',1,22,'No Permitido'),(8360,'generar re',1,22,'No Permitido'),(8361,'ingresar',2,1,'No Permitido'),(8362,'consultar',2,1,'No Permitido'),(8363,'incluir',2,1,'No Permitido'),(8364,'modificar',2,1,'No Permitido'),(8365,'eliminar',2,1,'No Permitido'),(8366,'generar re',2,1,'No Permitido'),(8367,'ingresar',2,2,'Permitido'),(8368,'consultar',2,2,'Permitido'),(8369,'incluir',2,2,'Permitido'),(8370,'modificar',2,2,'Permitido'),(8371,'eliminar',2,2,'Permitido'),(8372,'generar re',2,2,'No Permitido'),(8373,'ingresar',2,3,'Permitido'),(8374,'consultar',2,3,'Permitido'),(8375,'incluir',2,3,'Permitido'),(8376,'modificar',2,3,'Permitido'),(8377,'eliminar',2,3,'Permitido'),(8378,'generar re',2,3,'No Permitido'),(8379,'ingresar',2,4,'No Permitido'),(8380,'consultar',2,4,'No Permitido'),(8381,'incluir',2,4,'No Permitido'),(8382,'modificar',2,4,'No Permitido'),(8383,'eliminar',2,4,'No Permitido'),(8384,'generar re',2,4,'No Permitido'),(8385,'ingresar',2,5,'No Permitido'),(8386,'consultar',2,5,'No Permitido'),(8387,'incluir',2,5,'No Permitido'),(8388,'modificar',2,5,'No Permitido'),(8389,'eliminar',2,5,'No Permitido'),(8390,'generar re',2,5,'No Permitido'),(8391,'ingresar',2,6,'No Permitido'),(8392,'consultar',2,6,'No Permitido'),(8393,'incluir',2,6,'No Permitido'),(8394,'modificar',2,6,'No Permitido'),(8395,'eliminar',2,6,'No Permitido'),(8396,'generar re',2,6,'No Permitido'),(8397,'ingresar',2,7,'No Permitido'),(8398,'consultar',2,7,'No Permitido'),(8399,'incluir',2,7,'No Permitido'),(8400,'modificar',2,7,'No Permitido'),(8401,'eliminar',2,7,'No Permitido'),(8402,'generar re',2,7,'No Permitido'),(8403,'ingresar',2,8,'No Permitido'),(8404,'consultar',2,8,'No Permitido'),(8405,'incluir',2,8,'No Permitido'),(8406,'modificar',2,8,'No Permitido'),(8407,'eliminar',2,8,'No Permitido'),(8408,'generar re',2,8,'No Permitido'),(8409,'ingresar',2,9,'No Permitido'),(8410,'consultar',2,9,'No Permitido'),(8411,'incluir',2,9,'No Permitido'),(8412,'modificar',2,9,'No Permitido'),(8413,'eliminar',2,9,'No Permitido'),(8414,'generar re',2,9,'No Permitido'),(8415,'ingresar',2,10,'No Permitido'),(8416,'consultar',2,10,'No Permitido'),(8417,'incluir',2,10,'No Permitido'),(8418,'modificar',2,10,'No Permitido'),(8419,'eliminar',2,10,'No Permitido'),(8420,'generar re',2,10,'No Permitido'),(8421,'ingresar',2,11,'No Permitido'),(8422,'consultar',2,11,'No Permitido'),(8423,'incluir',2,11,'No Permitido'),(8424,'modificar',2,11,'No Permitido'),(8425,'eliminar',2,11,'No Permitido'),(8426,'generar re',2,11,'No Permitido'),(8427,'ingresar',2,12,'No Permitido'),(8428,'consultar',2,12,'No Permitido'),(8429,'incluir',2,12,'No Permitido'),(8430,'modificar',2,12,'No Permitido'),(8431,'eliminar',2,12,'No Permitido'),(8432,'generar re',2,12,'No Permitido'),(8433,'ingresar',2,13,'No Permitido'),(8434,'consultar',2,13,'No Permitido'),(8435,'incluir',2,13,'No Permitido'),(8436,'modificar',2,13,'No Permitido'),(8437,'eliminar',2,13,'No Permitido'),(8438,'generar re',2,13,'No Permitido'),(8439,'ingresar',2,14,'No Permitido'),(8440,'consultar',2,14,'No Permitido'),(8441,'incluir',2,14,'No Permitido'),(8442,'modificar',2,14,'No Permitido'),(8443,'eliminar',2,14,'No Permitido'),(8444,'generar re',2,14,'No Permitido'),(8445,'ingresar',2,15,'No Permitido'),(8446,'consultar',2,15,'No Permitido'),(8447,'incluir',2,15,'No Permitido'),(8448,'modificar',2,15,'No Permitido'),(8449,'eliminar',2,15,'No Permitido'),(8450,'generar re',2,15,'No Permitido'),(8451,'ingresar',2,16,'No Permitido'),(8452,'consultar',2,16,'No Permitido'),(8453,'incluir',2,16,'No Permitido'),(8454,'modificar',2,16,'No Permitido'),(8455,'eliminar',2,16,'No Permitido'),(8456,'generar re',2,16,'No Permitido'),(8457,'ingresar',2,17,'No Permitido'),(8458,'consultar',2,17,'No Permitido'),(8459,'incluir',2,17,'No Permitido'),(8460,'modificar',2,17,'No Permitido'),(8461,'eliminar',2,17,'No Permitido'),(8462,'generar re',2,17,'No Permitido'),(8463,'ingresar',2,18,'No Permitido'),(8464,'consultar',2,18,'No Permitido'),(8465,'incluir',2,18,'No Permitido'),(8466,'modificar',2,18,'No Permitido'),(8467,'eliminar',2,18,'No Permitido'),(8468,'generar re',2,18,'No Permitido'),(8469,'ingresar',2,19,'No Permitido'),(8470,'consultar',2,19,'No Permitido'),(8471,'incluir',2,19,'No Permitido'),(8472,'modificar',2,19,'No Permitido'),(8473,'eliminar',2,19,'No Permitido'),(8474,'generar re',2,19,'No Permitido'),(8475,'ingresar',2,20,'No Permitido'),(8476,'consultar',2,20,'No Permitido'),(8477,'incluir',2,20,'No Permitido'),(8478,'modificar',2,20,'No Permitido'),(8479,'eliminar',2,20,'No Permitido'),(8480,'generar re',2,20,'No Permitido'),(8481,'ingresar',2,21,'No Permitido'),(8482,'consultar',2,21,'No Permitido'),(8483,'incluir',2,21,'No Permitido'),(8484,'modificar',2,21,'No Permitido'),(8485,'eliminar',2,21,'No Permitido'),(8486,'generar re',2,21,'No Permitido'),(8487,'ingresar',2,22,'No Permitido'),(8488,'consultar',2,22,'No Permitido'),(8489,'incluir',2,22,'No Permitido'),(8490,'modificar',2,22,'No Permitido'),(8491,'eliminar',2,22,'No Permitido'),(8492,'generar re',2,22,'No Permitido'),(8493,'ingresar',3,1,'No Permitido'),(8494,'consultar',3,1,'No Permitido'),(8495,'incluir',3,1,'No Permitido'),(8496,'modificar',3,1,'No Permitido'),(8497,'eliminar',3,1,'No Permitido'),(8498,'generar re',3,1,'No Permitido'),(8499,'ingresar',3,2,'No Permitido'),(8500,'consultar',3,2,'No Permitido'),(8501,'incluir',3,2,'No Permitido'),(8502,'modificar',3,2,'No Permitido'),(8503,'eliminar',3,2,'No Permitido'),(8504,'generar re',3,2,'No Permitido'),(8505,'ingresar',3,3,'No Permitido'),(8506,'consultar',3,3,'No Permitido'),(8507,'incluir',3,3,'No Permitido'),(8508,'modificar',3,3,'No Permitido'),(8509,'eliminar',3,3,'No Permitido'),(8510,'generar re',3,3,'No Permitido'),(8511,'ingresar',3,4,'No Permitido'),(8512,'consultar',3,4,'No Permitido'),(8513,'incluir',3,4,'No Permitido'),(8514,'modificar',3,4,'No Permitido'),(8515,'eliminar',3,4,'No Permitido'),(8516,'generar re',3,4,'No Permitido'),(8517,'ingresar',3,5,'No Permitido'),(8518,'consultar',3,5,'No Permitido'),(8519,'incluir',3,5,'No Permitido'),(8520,'modificar',3,5,'No Permitido'),(8521,'eliminar',3,5,'No Permitido'),(8522,'generar re',3,5,'No Permitido'),(8523,'ingresar',3,6,'No Permitido'),(8524,'consultar',3,6,'No Permitido'),(8525,'incluir',3,6,'No Permitido'),(8526,'modificar',3,6,'No Permitido'),(8527,'eliminar',3,6,'No Permitido'),(8528,'generar re',3,6,'No Permitido'),(8529,'ingresar',3,7,'No Permitido'),(8530,'consultar',3,7,'No Permitido'),(8531,'incluir',3,7,'No Permitido'),(8532,'modificar',3,7,'No Permitido'),(8533,'eliminar',3,7,'No Permitido'),(8534,'generar re',3,7,'No Permitido'),(8535,'ingresar',3,8,'No Permitido'),(8536,'consultar',3,8,'No Permitido'),(8537,'incluir',3,8,'No Permitido'),(8538,'modificar',3,8,'No Permitido'),(8539,'eliminar',3,8,'No Permitido'),(8540,'generar re',3,8,'No Permitido'),(8541,'ingresar',3,9,'No Permitido'),(8542,'consultar',3,9,'No Permitido'),(8543,'incluir',3,9,'No Permitido'),(8544,'modificar',3,9,'No Permitido'),(8545,'eliminar',3,9,'No Permitido'),(8546,'generar re',3,9,'No Permitido'),(8547,'ingresar',3,10,'Permitido'),(8548,'consultar',3,10,'Permitido'),(8549,'incluir',3,10,'Permitido'),(8550,'modificar',3,10,'Permitido'),(8551,'eliminar',3,10,'Permitido'),(8552,'generar re',3,10,'No Permitido'),(8553,'ingresar',3,11,'Permitido'),(8554,'consultar',3,11,'Permitido'),(8555,'incluir',3,11,'Permitido'),(8556,'modificar',3,11,'Permitido'),(8557,'eliminar',3,11,'Permitido'),(8558,'generar re',3,11,'No Permitido'),(8559,'ingresar',3,12,'Permitido'),(8560,'consultar',3,12,'Permitido'),(8561,'incluir',3,12,'Permitido'),(8562,'modificar',3,12,'Permitido'),(8563,'eliminar',3,12,'Permitido'),(8564,'generar re',3,12,'No Permitido'),(8565,'ingresar',3,13,'Permitido'),(8566,'consultar',3,13,'Permitido'),(8567,'incluir',3,13,'Permitido'),(8568,'modificar',3,13,'Permitido'),(8569,'eliminar',3,13,'Permitido'),(8570,'generar re',3,13,'No Permitido'),(8571,'ingresar',3,14,'No Permitido'),(8572,'consultar',3,14,'No Permitido'),(8573,'incluir',3,14,'No Permitido'),(8574,'modificar',3,14,'No Permitido'),(8575,'eliminar',3,14,'No Permitido'),(8576,'generar re',3,14,'No Permitido'),(8577,'ingresar',3,15,'No Permitido'),(8578,'consultar',3,15,'No Permitido'),(8579,'incluir',3,15,'No Permitido'),(8580,'modificar',3,15,'No Permitido'),(8581,'eliminar',3,15,'No Permitido'),(8582,'generar re',3,15,'No Permitido'),(8583,'ingresar',3,16,'No Permitido'),(8584,'consultar',3,16,'No Permitido'),(8585,'incluir',3,16,'No Permitido'),(8586,'modificar',3,16,'No Permitido'),(8587,'eliminar',3,16,'No Permitido'),(8588,'generar re',3,16,'No Permitido'),(8589,'ingresar',3,17,'No Permitido'),(8590,'consultar',3,17,'No Permitido'),(8591,'incluir',3,17,'No Permitido'),(8592,'modificar',3,17,'No Permitido'),(8593,'eliminar',3,17,'No Permitido'),(8594,'generar re',3,17,'No Permitido'),(8595,'ingresar',3,18,'No Permitido'),(8596,'consultar',3,18,'No Permitido'),(8597,'incluir',3,18,'No Permitido'),(8598,'modificar',3,18,'No Permitido'),(8599,'eliminar',3,18,'No Permitido'),(8600,'generar re',3,18,'No Permitido'),(8601,'ingresar',3,19,'No Permitido'),(8602,'consultar',3,19,'No Permitido'),(8603,'incluir',3,19,'No Permitido'),(8604,'modificar',3,19,'No Permitido'),(8605,'eliminar',3,19,'No Permitido'),(8606,'generar re',3,19,'No Permitido'),(8607,'ingresar',3,20,'No Permitido'),(8608,'consultar',3,20,'No Permitido'),(8609,'incluir',3,20,'No Permitido'),(8610,'modificar',3,20,'No Permitido'),(8611,'eliminar',3,20,'No Permitido'),(8612,'generar re',3,20,'No Permitido'),(8613,'ingresar',3,21,'No Permitido'),(8614,'consultar',3,21,'No Permitido'),(8615,'incluir',3,21,'No Permitido'),(8616,'modificar',3,21,'No Permitido'),(8617,'eliminar',3,21,'No Permitido'),(8618,'generar re',3,21,'No Permitido'),(8619,'ingresar',3,22,'No Permitido'),(8620,'consultar',3,22,'No Permitido'),(8621,'incluir',3,22,'No Permitido'),(8622,'modificar',3,22,'No Permitido'),(8623,'eliminar',3,22,'No Permitido'),(8624,'generar re',3,22,'No Permitido'),(8625,'ingresar',4,1,'No Permitido'),(8626,'consultar',4,1,'No Permitido'),(8627,'incluir',4,1,'No Permitido'),(8628,'modificar',4,1,'No Permitido'),(8629,'eliminar',4,1,'No Permitido'),(8630,'generar re',4,1,'No Permitido'),(8631,'ingresar',4,2,'No Permitido'),(8632,'consultar',4,2,'No Permitido'),(8633,'incluir',4,2,'No Permitido'),(8634,'modificar',4,2,'No Permitido'),(8635,'eliminar',4,2,'No Permitido'),(8636,'generar re',4,2,'No Permitido'),(8637,'ingresar',4,3,'No Permitido'),(8638,'consultar',4,3,'No Permitido'),(8639,'incluir',4,3,'No Permitido'),(8640,'modificar',4,3,'No Permitido'),(8641,'eliminar',4,3,'No Permitido'),(8642,'generar re',4,3,'No Permitido'),(8643,'ingresar',4,4,'No Permitido'),(8644,'consultar',4,4,'No Permitido'),(8645,'incluir',4,4,'No Permitido'),(8646,'modificar',4,4,'No Permitido'),(8647,'eliminar',4,4,'No Permitido'),(8648,'generar re',4,4,'No Permitido'),(8649,'ingresar',4,5,'No Permitido'),(8650,'consultar',4,5,'No Permitido'),(8651,'incluir',4,5,'No Permitido'),(8652,'modificar',4,5,'No Permitido'),(8653,'eliminar',4,5,'No Permitido'),(8654,'generar re',4,5,'No Permitido'),(8655,'ingresar',4,6,'No Permitido'),(8656,'consultar',4,6,'No Permitido'),(8657,'incluir',4,6,'No Permitido'),(8658,'modificar',4,6,'No Permitido'),(8659,'eliminar',4,6,'No Permitido'),(8660,'generar re',4,6,'No Permitido'),(8661,'ingresar',4,7,'No Permitido'),(8662,'consultar',4,7,'No Permitido'),(8663,'incluir',4,7,'No Permitido'),(8664,'modificar',4,7,'No Permitido'),(8665,'eliminar',4,7,'No Permitido'),(8666,'generar re',4,7,'No Permitido'),(8667,'ingresar',4,8,'No Permitido'),(8668,'consultar',4,8,'No Permitido'),(8669,'incluir',4,8,'No Permitido'),(8670,'modificar',4,8,'No Permitido'),(8671,'eliminar',4,8,'No Permitido'),(8672,'generar re',4,8,'No Permitido'),(8673,'ingresar',4,9,'No Permitido'),(8674,'consultar',4,9,'No Permitido'),(8675,'incluir',4,9,'No Permitido'),(8676,'modificar',4,9,'No Permitido'),(8677,'eliminar',4,9,'No Permitido'),(8678,'generar re',4,9,'No Permitido'),(8679,'ingresar',4,10,'No Permitido'),(8680,'consultar',4,10,'No Permitido'),(8681,'incluir',4,10,'No Permitido'),(8682,'modificar',4,10,'No Permitido'),(8683,'eliminar',4,10,'No Permitido'),(8684,'generar re',4,10,'No Permitido'),(8685,'ingresar',4,11,'No Permitido'),(8686,'consultar',4,11,'No Permitido'),(8687,'incluir',4,11,'No Permitido'),(8688,'modificar',4,11,'No Permitido'),(8689,'eliminar',4,11,'No Permitido'),(8690,'generar re',4,11,'No Permitido'),(8691,'ingresar',4,12,'No Permitido'),(8692,'consultar',4,12,'No Permitido'),(8693,'incluir',4,12,'No Permitido'),(8694,'modificar',4,12,'No Permitido'),(8695,'eliminar',4,12,'No Permitido'),(8696,'generar re',4,12,'No Permitido'),(8697,'ingresar',4,13,'No Permitido'),(8698,'consultar',4,13,'No Permitido'),(8699,'incluir',4,13,'No Permitido'),(8700,'modificar',4,13,'No Permitido'),(8701,'eliminar',4,13,'No Permitido'),(8702,'generar re',4,13,'No Permitido'),(8703,'ingresar',4,14,'No Permitido'),(8704,'consultar',4,14,'No Permitido'),(8705,'incluir',4,14,'No Permitido'),(8706,'modificar',4,14,'No Permitido'),(8707,'eliminar',4,14,'No Permitido'),(8708,'generar re',4,14,'No Permitido'),(8709,'ingresar',4,15,'No Permitido'),(8710,'consultar',4,15,'No Permitido'),(8711,'incluir',4,15,'No Permitido'),(8712,'modificar',4,15,'No Permitido'),(8713,'eliminar',4,15,'No Permitido'),(8714,'generar re',4,15,'No Permitido'),(8715,'ingresar',4,16,'No Permitido'),(8716,'consultar',4,16,'No Permitido'),(8717,'incluir',4,16,'No Permitido'),(8718,'modificar',4,16,'No Permitido'),(8719,'eliminar',4,16,'No Permitido'),(8720,'generar re',4,16,'No Permitido'),(8721,'ingresar',4,17,'No Permitido'),(8722,'consultar',4,17,'No Permitido'),(8723,'incluir',4,17,'No Permitido'),(8724,'modificar',4,17,'No Permitido'),(8725,'eliminar',4,17,'No Permitido'),(8726,'generar re',4,17,'No Permitido'),(8727,'ingresar',4,18,'No Permitido'),(8728,'consultar',4,18,'No Permitido'),(8729,'incluir',4,18,'No Permitido'),(8730,'modificar',4,18,'No Permitido'),(8731,'eliminar',4,18,'No Permitido'),(8732,'generar re',4,18,'No Permitido'),(8733,'ingresar',4,19,'No Permitido'),(8734,'consultar',4,19,'No Permitido'),(8735,'incluir',4,19,'No Permitido'),(8736,'modificar',4,19,'No Permitido'),(8737,'eliminar',4,19,'No Permitido'),(8738,'generar re',4,19,'No Permitido'),(8739,'ingresar',4,20,'No Permitido'),(8740,'consultar',4,20,'No Permitido'),(8741,'incluir',4,20,'No Permitido'),(8742,'modificar',4,20,'No Permitido'),(8743,'eliminar',4,20,'No Permitido'),(8744,'generar re',4,20,'No Permitido'),(8745,'ingresar',4,21,'No Permitido'),(8746,'consultar',4,21,'No Permitido'),(8747,'incluir',4,21,'No Permitido'),(8748,'modificar',4,21,'No Permitido'),(8749,'eliminar',4,21,'No Permitido'),(8750,'generar re',4,21,'No Permitido'),(8751,'ingresar',4,22,'No Permitido'),(8752,'consultar',4,22,'No Permitido'),(8753,'incluir',4,22,'No Permitido'),(8754,'modificar',4,22,'No Permitido'),(8755,'eliminar',4,22,'No Permitido'),(8756,'generar re',4,22,'No Permitido'),(8757,'ingresar',7,1,'No Permitido'),(8758,'consultar',7,1,'No Permitido'),(8759,'incluir',7,1,'No Permitido'),(8760,'modificar',7,1,'No Permitido'),(8761,'eliminar',7,1,'No Permitido'),(8762,'generar re',7,1,'No Permitido'),(8763,'ingresar',7,2,'No Permitido'),(8764,'consultar',7,2,'No Permitido'),(8765,'incluir',7,2,'No Permitido'),(8766,'modificar',7,2,'No Permitido'),(8767,'eliminar',7,2,'No Permitido'),(8768,'generar re',7,2,'No Permitido'),(8769,'ingresar',7,3,'No Permitido'),(8770,'consultar',7,3,'No Permitido'),(8771,'incluir',7,3,'No Permitido'),(8772,'modificar',7,3,'No Permitido'),(8773,'eliminar',7,3,'No Permitido'),(8774,'generar re',7,3,'No Permitido'),(8775,'ingresar',7,4,'No Permitido'),(8776,'consultar',7,4,'No Permitido'),(8777,'incluir',7,4,'No Permitido'),(8778,'modificar',7,4,'No Permitido'),(8779,'eliminar',7,4,'No Permitido'),(8780,'generar re',7,4,'No Permitido'),(8781,'ingresar',7,5,'No Permitido'),(8782,'consultar',7,5,'No Permitido'),(8783,'incluir',7,5,'No Permitido'),(8784,'modificar',7,5,'No Permitido'),(8785,'eliminar',7,5,'No Permitido'),(8786,'generar re',7,5,'No Permitido'),(8787,'ingresar',7,6,'No Permitido'),(8788,'consultar',7,6,'No Permitido'),(8789,'incluir',7,6,'No Permitido'),(8790,'modificar',7,6,'No Permitido'),(8791,'eliminar',7,6,'No Permitido'),(8792,'generar re',7,6,'No Permitido'),(8793,'ingresar',7,7,'No Permitido'),(8794,'consultar',7,7,'No Permitido'),(8795,'incluir',7,7,'No Permitido'),(8796,'modificar',7,7,'No Permitido'),(8797,'eliminar',7,7,'No Permitido'),(8798,'generar re',7,7,'No Permitido'),(8799,'ingresar',7,8,'No Permitido'),(8800,'consultar',7,8,'No Permitido'),(8801,'incluir',7,8,'No Permitido'),(8802,'modificar',7,8,'No Permitido'),(8803,'eliminar',7,8,'No Permitido'),(8804,'generar re',7,8,'No Permitido'),(8805,'ingresar',7,9,'No Permitido'),(8806,'consultar',7,9,'No Permitido'),(8807,'incluir',7,9,'No Permitido'),(8808,'modificar',7,9,'No Permitido'),(8809,'eliminar',7,9,'No Permitido'),(8810,'generar re',7,9,'No Permitido'),(8811,'ingresar',7,10,'No Permitido'),(8812,'consultar',7,10,'No Permitido'),(8813,'incluir',7,10,'No Permitido'),(8814,'modificar',7,10,'No Permitido'),(8815,'eliminar',7,10,'No Permitido'),(8816,'generar re',7,10,'No Permitido'),(8817,'ingresar',7,11,'No Permitido'),(8818,'consultar',7,11,'No Permitido'),(8819,'incluir',7,11,'No Permitido'),(8820,'modificar',7,11,'No Permitido'),(8821,'eliminar',7,11,'No Permitido'),(8822,'generar re',7,11,'No Permitido'),(8823,'ingresar',7,12,'No Permitido'),(8824,'consultar',7,12,'No Permitido'),(8825,'incluir',7,12,'No Permitido'),(8826,'modificar',7,12,'No Permitido'),(8827,'eliminar',7,12,'No Permitido'),(8828,'generar re',7,12,'No Permitido'),(8829,'ingresar',7,13,'No Permitido'),(8830,'consultar',7,13,'No Permitido'),(8831,'incluir',7,13,'No Permitido'),(8832,'modificar',7,13,'No Permitido'),(8833,'eliminar',7,13,'No Permitido'),(8834,'generar re',7,13,'No Permitido'),(8835,'ingresar',7,14,'No Permitido'),(8836,'consultar',7,14,'No Permitido'),(8837,'incluir',7,14,'No Permitido'),(8838,'modificar',7,14,'No Permitido'),(8839,'eliminar',7,14,'No Permitido'),(8840,'generar re',7,14,'No Permitido'),(8841,'ingresar',7,15,'No Permitido'),(8842,'consultar',7,15,'No Permitido'),(8843,'incluir',7,15,'No Permitido'),(8844,'modificar',7,15,'No Permitido'),(8845,'eliminar',7,15,'No Permitido'),(8846,'generar re',7,15,'No Permitido'),(8847,'ingresar',7,16,'No Permitido'),(8848,'consultar',7,16,'No Permitido'),(8849,'incluir',7,16,'No Permitido'),(8850,'modificar',7,16,'No Permitido'),(8851,'eliminar',7,16,'No Permitido'),(8852,'generar re',7,16,'No Permitido'),(8853,'ingresar',7,17,'No Permitido'),(8854,'consultar',7,17,'No Permitido'),(8855,'incluir',7,17,'No Permitido'),(8856,'modificar',7,17,'No Permitido'),(8857,'eliminar',7,17,'No Permitido'),(8858,'generar re',7,17,'No Permitido'),(8859,'ingresar',7,18,'No Permitido'),(8860,'consultar',7,18,'No Permitido'),(8861,'incluir',7,18,'No Permitido'),(8862,'modificar',7,18,'No Permitido'),(8863,'eliminar',7,18,'No Permitido'),(8864,'generar re',7,18,'No Permitido'),(8865,'ingresar',7,19,'No Permitido'),(8866,'consultar',7,19,'No Permitido'),(8867,'incluir',7,19,'No Permitido'),(8868,'modificar',7,19,'No Permitido'),(8869,'eliminar',7,19,'No Permitido'),(8870,'generar re',7,19,'No Permitido'),(8871,'ingresar',7,20,'No Permitido'),(8872,'consultar',7,20,'No Permitido'),(8873,'incluir',7,20,'No Permitido'),(8874,'modificar',7,20,'No Permitido'),(8875,'eliminar',7,20,'No Permitido'),(8876,'generar re',7,20,'No Permitido'),(8877,'ingresar',7,21,'Permitido'),(8878,'consultar',7,21,'Permitido'),(8879,'incluir',7,21,'Permitido'),(8880,'modificar',7,21,'Permitido'),(8881,'eliminar',7,21,'Permitido'),(8882,'generar re',7,21,'No Permitido'),(8883,'ingresar',7,22,'No Permitido'),(8884,'consultar',7,22,'No Permitido'),(8885,'incluir',7,22,'No Permitido'),(8886,'modificar',7,22,'No Permitido'),(8887,'eliminar',7,22,'No Permitido'),(8888,'generar re',7,22,'No Permitido');
/*!40000 ALTER TABLE `tbl_permisos` ENABLE KEYS */;
UNLOCK TABLES;

--
-- Table structure for table `tbl_recuperar`
--

DROP TABLE IF EXISTS `tbl_recuperar`;
/*!40101 SET @saved_cs_client     = @@character_set_client */;
/*!40101 SET character_set_client = utf8 */;
CREATE TABLE `tbl_recuperar` (
  `id_recuperar` int(11) NOT NULL AUTO_INCREMENT,
  `id_usuario` int(11) NOT NULL,
  `token` varchar(255) NOT NULL,
  `fecha` date NOT NULL,
  `hora` time NOT NULL,
  `expiracion` datetime NOT NULL,
  `utilizado` tinyint(1) NOT NULL DEFAULT 0,
  PRIMARY KEY (`id_recuperar`),
  KEY `id_usuario` (`id_usuario`),
  CONSTRAINT `tbl_recuperar_ibfk_1` FOREIGN KEY (`id_usuario`) REFERENCES `tbl_usuarios` (`id_usuario`) ON DELETE CASCADE ON UPDATE CASCADE
) ENGINE=InnoDB DEFAULT CHARSET=utf8mb4 COLLATE=utf8mb4_general_ci;
/*!40101 SET character_set_client = @saved_cs_client */;

--
-- Dumping data for table `tbl_recuperar`
--

LOCK TABLES `tbl_recuperar` WRITE;
/*!40000 ALTER TABLE `tbl_recuperar` DISABLE KEYS */;
/*!40000 ALTER TABLE `tbl_recuperar` ENABLE KEYS */;
UNLOCK TABLES;

--
-- Table structure for table `tbl_rol`
--

DROP TABLE IF EXISTS `tbl_rol`;
/*!40101 SET @saved_cs_client     = @@character_set_client */;
/*!40101 SET character_set_client = utf8 */;
CREATE TABLE `tbl_rol` (
  `id_rol` int(11) NOT NULL AUTO_INCREMENT,
  `nombre_rol` varchar(15) NOT NULL,
  PRIMARY KEY (`id_rol`)
) ENGINE=InnoDB AUTO_INCREMENT=8 DEFAULT CHARSET=utf8mb4 COLLATE=utf8mb4_general_ci;
/*!40101 SET character_set_client = @saved_cs_client */;

--
-- Dumping data for table `tbl_rol`
--

LOCK TABLES `tbl_rol` WRITE;
/*!40000 ALTER TABLE `tbl_rol` DISABLE KEYS */;
INSERT INTO `tbl_rol` VALUES (1,'Administrador'),(2,'Almacenista'),(3,'Cliente'),(4,'Desarrollador'),(6,'SuperUsuario'),(7,'vendedor');
/*!40000 ALTER TABLE `tbl_rol` ENABLE KEYS */;
UNLOCK TABLES;

--
-- Table structure for table `tbl_usuarios`
--

DROP TABLE IF EXISTS `tbl_usuarios`;
/*!40101 SET @saved_cs_client     = @@character_set_client */;
/*!40101 SET character_set_client = utf8 */;
CREATE TABLE `tbl_usuarios` (
  `id_usuario` int(11) NOT NULL AUTO_INCREMENT,
  `username` varchar(20) DEFAULT NULL,
  `password` varchar(255) DEFAULT NULL,
  `cedula` varchar(8) DEFAULT NULL,
  `id_rol` int(11) NOT NULL,
  `correo` varchar(50) DEFAULT NULL,
  `nombres` varchar(50) DEFAULT NULL,
  `apellidos` varchar(50) DEFAULT NULL,
  `telefono` varchar(15) DEFAULT NULL,
  `estatus` enum('habilitado','inhabilitado') NOT NULL DEFAULT 'habilitado',
  `foto_perfil` varchar(100) DEFAULT NULL,
  PRIMARY KEY (`id_usuario`),
  KEY `id_rol` (`id_rol`),
  CONSTRAINT `fk_usuarios_rol` FOREIGN KEY (`id_rol`) REFERENCES `tbl_rol` (`id_rol`) ON DELETE CASCADE ON UPDATE CASCADE
) ENGINE=InnoDB AUTO_INCREMENT=18 DEFAULT CHARSET=utf8mb4 COLLATE=utf8mb4_general_ci;
/*!40101 SET character_set_client = @saved_cs_client */;

--
-- Dumping data for table `tbl_usuarios`
--

LOCK TABLES `tbl_usuarios` WRITE;
/*!40000 ALTER TABLE `tbl_usuarios` DISABLE KEYS */;
INSERT INTO `tbl_usuarios` VALUES (3,'Diego','$2y$10$bJfY45blf5qV66WzNf5.OOTPFjgCEePpBz07GQUc3B0qlKMNzJd8W','30123123',6,'ejemplo@gmail.com','Diego','Compa','0414-575-3363','habilitado',NULL),(4,'Simon','$2y$10$bJfY45blf5qV66WzNf5.OOTPFjgCEePpBz07GQUc3B0qlKMNzJd8W','29123123',7,'ejemplo@gmail.com','Simon Freitez','Cliente','0414-000-0000','habilitado',NULL),(5,'SuperUsu','$2y$10$w7nQw5p6Qw6nQw5p6Qw6nOQw5p6Qw6nQw5p6Qw6nQw5p6Qw6nQw6n','30123456',6,'ejemplo@gmail.com','Diego Andres','Lopez Vivas','0414-575-3363','habilitado',NULL),(7,'Ben10','$2y$10$xYFm.SoVzcTO1Z8VNeoP.eVpI.s6YZ54sZqoN20ogR/n7uTHNf0yG','30123789',1,'ggy@gmail.com','Pa','nose','0414-000-0000','habilitado',NULL),(8,'DiegoS','$2y$10$h1a1yYaAKtVeLks/nXvTkuj406CuHsFs/U.kevnBEac47PdG93WT6','30456456',1,'ggy@gmail.com','Diego','Compa Vendedor','0414-575-3363','habilitado',NULL),(9,'CasaLai','$2y$10$KXRg/AUD.9Y7KubEvzy71e5dDR1GvGNy23XegAYwLjYWOBdcxzqx2','30456789',6,'diego0510lopez@gmail.com','Casa','Lai','0414-575-3363','habilitado',NULL),(10,'Gmujica','$2y$10$iZNeKonr6qr.P109rwgEFOCc7Y.0E47sD/88YfB.Jyx6niGpf4CQi','29958676',3,'fhhggjjkkkj@gmail.com','Gabriel','Mujica','0424-678-8765','habilitado',NULL),(11,'edithu','$2y$10$YfEtJDHi9CNZR1Xpx7J9Ze8CMx3g99o1dJ3h.RRZPXqlJjxWbT5Fi','10844463',3,'urdavedith.pnfi@gmail.com','Edith','Urdaneta','0416-747-4336','habilitado',NULL),(15,'Pato','$2y$10$2OgFNgMxHcDgqjCvfCHsVOYLkc6Qq3QqSalImRPOaP51loMFpFHsa','5322432',1,'diego0510lopez@gmail.com','Diego','Lopez','0414-575-3363','inhabilitado',NULL),(16,'Darckort','$2y$10$1xavkBCftrr0QLclZTk77eduhFhvGa3uWiuCva2qHKMQ/otwoGYaa','28406324',6,'darckortgame@gmail.com','Braynt de Jesus','Medina Bricno','0426-150-4714','habilitado','avatar_68edb74fbaaa4_file_000000005b786246b5a28d3be60c28d6.png'),(17,'Juanlai','$2y$10$NAPB.g70SJM0juLf9jTha.LbRejgTZFWD87GfYgATpp2k./KfciK2','25874668',1,'juanlai@gmail.com','Juan','Lai','0412-125-6985','habilitado',NULL);
/*!40000 ALTER TABLE `tbl_usuarios` ENABLE KEYS */;
UNLOCK TABLES;

--
-- Dumping events for database 'seguridadlai'
--

--
-- Dumping routines for database 'seguridadlai'
--
/*!40103 SET TIME_ZONE=@OLD_TIME_ZONE */;

/*!40101 SET SQL_MODE=@OLD_SQL_MODE */;
/*!40014 SET FOREIGN_KEY_CHECKS=@OLD_FOREIGN_KEY_CHECKS */;
/*!40014 SET UNIQUE_CHECKS=@OLD_UNIQUE_CHECKS */;
/*!40101 SET CHARACTER_SET_CLIENT=@OLD_CHARACTER_SET_CLIENT */;
/*!40101 SET CHARACTER_SET_RESULTS=@OLD_CHARACTER_SET_RESULTS */;
/*!40101 SET COLLATION_CONNECTION=@OLD_COLLATION_CONNECTION */;
/*!40111 SET SQL_NOTES=@OLD_SQL_NOTES */;

-- Dump completed on 2025-10-26 16:35:53
